,positionName,companyFullName,salary,city,companySize,workYear,education,industryField,formatCreateTime
0,JS开发工程师,北京国双科技有限公司,15k-25k,北京,500-2000人,3-5年,本科,"数据服务,企业服务",2018-03-12
1,JavaScript研发工程师,北京爱奇艺科技有限公司,20k-35k,北京,2000人以上,不限,本科,"广告营销,文化娱乐",2018-03-06
2,Javascript高级软件开发工程师,软视视频软件（杭州）有限公司,14k-24k,苏州,500-2000人,3-5年,本科,"移动互联网,社交网络",2018-03-12
3,Javascript工程师,长沙辰运软件有限公司,8k-15k,长沙,150-500人,3-5年,大专,移动互联网,2018-03-13
4,JavaScript开发工程师,广州坚和网络科技有限公司,10k-15k,广州,150-500人,3-5年,不限,移动互联网,2018-03-12
5,JavaScript,上海泛微网络科技股份有限公司,12k-18k,上海,2000人以上,1-3年,本科,"移动互联网,企业服务",2018-03-13
6,Javascript高级软件开发工程师,软视软件（苏州）有限公司,10k-20k,苏州,50-150人,3-5年,本科,"数据服务,移动互联网",2018-03-12
7,JavaScript开发工程师,南京帆软软件有限公司,9k以上,无锡,500-2000人,不限,本科,数据服务,2018-03-13
8,JavaScript开发工程师,广州游爱网络技术有限公司,8k-11k,广州,500-2000人,1-3年,不限,"移动互联网,游戏",2018-03-13
9,Javascript工程师,北京每日优鲜电子商务有限公司,20k-30k,北京,500-2000人,3-5年,本科,"移动互联网,电子商务",2018-03-12
10,Javascript工程师,尚层装饰（北京）有限公司,10k-15k,北京,2000人以上,3-5年,大专,生活服务,2018-03-12
11,Javascript开发工程师,杏树林信息技术（北京）有限公司,10k-20k,北京,150-500人,1-3年,本科,"移动互联网,医疗健康",2018-03-13
12,JS工程师,XMind Ltd,15k-30k,深圳,50-150人,3-5年,本科,移动互联网,2018-03-13
13,JS开发工程师,北京新东方迅程网络科技有限公司,15k-25k,北京,500-2000人,1-3年,本科,"移动互联网,教育",2018-03-13
14,js 开发工程师,杭州币钥安全技术有限公司北京分公司,10k-14k,北京,50-150人,1-3年,本科,移动互联网 数据服务,2018-03-13
0,JS高级开发工程师,车满满（北京）信息技术有限公司,10k-18k,济南,150-500人,3-5年,本科,移动互联网,2018-03-13
1,JavaScript/C#,上海微创软件股份有限公司北京分公司,8k-12k,北京,2000人以上,1-3年,本科,"移动互联网,电子商务",2018-03-13
2,高级JS工程师,北京每日优鲜电子商务有限公司,30k-40k,北京,500-2000人,5-10年,本科,"移动互联网,电子商务",2018-03-12
3,Javascript 工程师,广州奇志信息科技有限公司,10k-20k,广州,15-50人,3-5年,本科,移动互联网,2018-03-13
4,高级JS开发工程师,北京全民星彩科技有限公司,20k-25k,北京,150-500人,5-10年,本科,移动互联网,2018-03-13
5,javascript 开发工程师,北京博雅创智互联科技有限公司,8k-15k,上海,15-50人,1-3年,本科,"移动互联网,教育",2018-03-13
6,JavaScript,北京八维研修学院,15k-25k,北京,2000人以上,3-5年,不限,教育,2018-03-13
7,JavaScript开发工程师,成都二次元动漫有限公司,15k-30k,成都,150-500人,5-10年,本科,"移动互联网,文化娱乐",2018-03-12
8,Node.js/JavaScript,迅捷联动（北京）科技有限公司,15k-30k,北京,15-50人,3-5年,本科,移动互联网,2018-03-12
9,JavaScript高级工程师,中信百信银行股份有限公司,20k-40k,北京,150-500人,3-5年,本科,"金融,移动互联网",2018-02-26
10,javascript工程师,车好多旧机动车经纪(北京)有限公司,20k-35k,北京,2000人以上,3-5年,本科,O2O,2018-03-12
11,资深js开发工程师,上海店达信息技术有限公司,11k-20k,上海,500-2000人,1-3年,本科,"电子商务,O2O",2018-03-13
12,资深JavaScript工程师,禾苗（武汉）信息技术有限公司,10k-16k,武汉,15-50人,不限,不限,电子商务,2018-03-13
13,cocos2d-x/js开发工程师,深圳市众人在线网络科技有限公司,8k-16k,深圳,少于15人,1年以下,本科,移动互联网,2018-03-13
14,js高级开发工程师,灵思云途营销顾问股份有限公司,20k-40k,北京,500-2000人,5-10年,大专,"数据服务,广告营销",2018-03-13
0,JS 开发,亿磐系统（深圳）有限公司,13k-17k,广州,2000人以上,3-5年,本科,企业服务,2018-03-05
1,Javascript 工程师 （杭州）,广州奇志信息科技有限公司,10k-20k,杭州,15-50人,1-3年,本科,移动互联网,2018-03-13
2,javascript,便利蜂商贸有限公司,15K-30K,北京,2000人以上,3-5年,不限,"移动互联网,生活服务",2018-02-27
3,js开发工程师,广州云隐科技有限公司,6k-12k,广州,15-50人,1-3年,大专,"其他,移动互联网",2018-03-12
4,Cocos2d-js（Creator）/egret,星汉（广州）科技有限公司,8k-15k,广州,15-50人,1-3年,本科,"移动互联网,游戏",2018-03-12
5,JS开发,杭州边锋网络技术有限公司,10k-15k,杭州,500-2000人,1-3年,本科,"移动互联网,游戏",2018-02-26
6,JS开发工程师-DNJS0018,北京多牛互动传媒股份有限公司,10k-20k,北京,150-500人,1-3年,本科,文化娱乐,2018-02-24
7,前端+js开发,奥琦玮信息科技（北京）有限公司,15k-25k,北京,150-500人,3-5年,本科,"移动互联网,O2O",2018-03-13
8,JavaScript工程师,广东佳米科技有限公司,10k-15k,珠海,50-150人,1-3年,本科,移动互联网,2018-03-12
9,Cocos2d-js / H5开发工程师,深圳市一花科技有限公司,15k-25k,深圳,50-150人,3-5年,大专,游戏,2018-03-13
10,javascript高级开发工程师,阿哈王国（武汉）教育科技有限公司,8k-15k,武汉,少于15人,3-5年,本科,"移动互联网,教育",2018-03-13
11,高级javascript工程师（3年以上）,杭州大名软件有限公司,10k-20k,杭州,50-150人,3-5年,本科,"电子商务,企业服务",2018-03-12
12,中级Javascript研发工程师,北京通通游技术有限公司,12k-24k,北京,50-150人,3-5年,大专,"电子商务,旅游",2018-03-13
13,cocos2d-js开发工程师,北京畅聊天下科技有限公司,25k-35k,北京,150-500人,3-5年,大专,移动互联网,2018-03-12
14,高级原生JS开发工程师,成都四方伟业软件股份有限公司,15k-20k,成都,500-2000人,3-5年,本科,移动互联网,2018-03-13
0,js开发,深圳市金鑫云端科技有限公司,18k-30k,深圳,150-500人,3-5年,大专,移动互联网,2018-03-12
1,JavaScript,无锡汇跑体育有限公司,6k-12k,无锡,50-150人,不限,不限,"移动互联网,文化娱乐",2018-03-13
2,JavaScript,重庆允升科技有限公司,10k-18k,重庆,50-150人,3-5年,本科,"电子商务,企业服务",2018-03-12
3,JavaScript,深圳市盈创丰茂科技有限公司,8k-14k,深圳,少于15人,1-3年,不限,"移动互联网,企业服务",2018-03-11
4,JavaScript高级工程师（EasyEDA）,深圳市立创电子商务有限公司,15k-25k,深圳,150-500人,1-3年,本科,"电子商务,硬件",2018-03-13
5,cocos-js/html5 游戏开发工程师,北京火舞科技有限公司,15k-25k,北京,15-50人,1-3年,大专,游戏,2018-03-12
6,JavaScript,世界货科技（深圳）有限公司,5k-10k,东莞,少于15人,不限,大专,"电子商务,移动互联网",2018-02-22
7,Cocos2d-JS开发工程师,洛克人（北京）智能科技有限公司,10k-20k,北京,15-50人,1-3年,不限,移动互联网、企业服务,2018-03-12
8,JavaScript资深工程师/技术经理,北京沃丰时代数据科技有限公司,20k-40k,北京,150-500人,5-10年,本科,其他,2018-03-13
9,javascript工程师,北京北工宏大微电子科技有限公司,7k-13k,北京,少于15人,1-3年,本科,移动互联网,2018-03-11
10,JavaScript开发工程师,央视国际视频通讯有限公司,10k-20k,北京,150-500人,3-5年,本科,文化娱乐,2018-03-05
11,JavaScript开发工程师,北京天机数测数据科技有限公司,10k-20k,北京,50-150人,3-5年,大专,"移动互联网,数据服务",2018-03-07
12,前端Html/JS工程师,成都兴隆卓果科技有限公司,4k-8k,成都,15-50人,1-3年,大专,"移动互联网,企业服务",2018-03-13
13,开发主管 JavaScript/Node.js,厦门铃盛软件有限公司,25k-35k,厦门,500-2000人,5-10年,本科,"移动互联网,数据服务",2018-03-13
14,JavaScript 工程师,快乐迭代（北京）网络科技有限公司,15k-30k,北京,15-50人,3-5年,本科,"移动互联网,社交网络",2018-03-12
0,JavaScript 工程师,快乐迭代（北京）网络科技有限公司,15k-30k,北京,15-50人,3-5年,本科,"移动互联网,社交网络",2018-03-12
1,javascript开发工程师,重庆云车流科技有限公司,5K-10K,重庆,50-150人,1-3年,不限,电子商务 O2O,2018-03-09
2,JavaScript,天津市正标津达线缆有限公司,6K-10K,天津,500-2000人,1-3年,本科,其他,2018-03-08
3,EasyEDA JavaScript高级工程师,深圳市立创电子商务有限公司,15k-25k,深圳,150-500人,1-3年,本科,"电子商务,硬件",2018-03-12
4,JavaScript,天津昊天伟业电子科技有限公司,6k-10k,天津,15-50人,1-3年,本科,"硬件,企业服务",2018-02-26
5,JS开发工程师,易图通科技（北京）有限公司,10k-18k,北京,500-2000人,1-3年,本科,"数据服务,其他",2018-02-28
6,h5、js、脚本开发、广告发布平台,上海传漾广告有限公司,10k-15k,北京,150-500人,3-5年,本科,"移动互联网,数据服务",2018-03-12
7,cocos2dx-js游戏开发工程师,广州大思教育科技发展有限公司,10k-12k,广州,150-500人,3-5年,本科,"移动互联网,教育",2018-03-13
8,js讲师,北京八维研修学院,15K-20K,北京,2000人以上,1-3年,本科,教育,2018-03-13
9,cocos2d-x-js/白鹭引擎客户端,广州轩意网络科技有限公司,10k-20k,广州,50-150人,不限,大专,游戏,2018-03-12
10,JavaScript/Vue,北京毫末科技有限公司,15K-25K,北京,50-150人,1-3年,本科,"移动互联网,企业服务",2018-03-10
11,JavaScript,携程计算机技术（上海）有限公司,15k-25k,上海,2000人以上,3-5年,本科,"移动互联网,旅游",2018-03-11
12,高级JavaScript开发工程师,上海拿米金融信息服务有限公司,15k-25k,上海,150-500人,3-5年,大专,"移动互联网,金融",2018-03-12
13,移动JS高级研发工程师,中企动力科技股份有限公司,25k-50k,北京,2000人以上,5-10年,本科,"电子商务,移动互联网",2018-03-12
14,JavaScript工程师,武汉研众科技有限公司,4k-8k,武汉,少于15人,1-3年,本科,"移动互联网,O2O",2018-03-07
0,javascript,苏州乐动时代网络科技有限公司,7k-10k,苏州,50-150人,1-3年,大专,游戏,2018-03-12
1,高级JavaScript工程师,上海拿米金融信息服务有限公司,15k-25k,上海,150-500人,3-5年,大专,"移动互联网,金融",2018-03-13
2,JS开发工程师,易图通科技（北京）有限公司,10k-16k,北京,500-2000人,1-3年,本科,"数据服务,其他",2018-03-05
3,Javascript实习工程师,北京百分点信息科技有限公司,2k-3k,沈阳,500-2000人,不限,本科,数据服务,2018-02-26
4,软件工程师-JavaScript,上海木蚁机器人科技有限公司,7k-14k,上海,15-50人,1-3年,本科,硬件,2018-03-12
5,js开发工程师,厦门玩美网络科技有限公司,8k-15k,厦门,15-50人,1-3年,大专,"游戏,移动互联网",2018-03-09
6,JS 开发工程师,杭州爱跑体育文化策划有限公司,7K-14K,杭州,少于15人,1-3年,本科,医疗健康,2018-03-05
7,JS开发工程师,杭州朗熙和科技有限公司,20k-40k,杭州,少于15人,3-5年,本科,"移动互联网,金融",2018-03-01
8,COCOS2D - js,安徽自善互联网科技有限公司,8k-16k,杭州,50-150人,1-3年,不限,"移动互联网,O2O",2018-03-05
9,资深JS算法工程师,北京乐步教育科技有限公司,15k-30k,北京,50-150人,3-5年,本科,教育,2018-03-13
10,JavaScript高级开发工程师,北京乐学一百在线教育科技有限公司,15k-25k,北京,150-500人,3-5年,本科,"移动互联网,教育",2018-03-11
11,高级JavaScript工程师,商宴通（上海）网络科技有限公司,15k-25k,上海,150-500人,3-5年,本科,"企业服务,O2O",2018-03-05
12,H5/Cocos2d-JS游戏开发工程师,武汉市多比特信息科技有限公司,10k-20k,武汉,50-150人,1-3年,本科,"移动互联网,文化娱乐",2018-03-12
13,JavaScript开发工程师,闪电（深圳）智能有限公司,6k-12k,成都,15-50人,1-3年,大专,硬件,2018-02-26
14,Web Javascript高级软件开发工程师,软视软件（苏州）有限公司,10k-20k,苏州,50-150人,3-5年,本科,"数据服务,移动互联网",2018-03-12
0,高级Javascript工程师&nbsp;,北京四方人科技有限责任公司,10k-20k,北京,少于15人,3-5年,大专,"教育,游戏",2018-03-06
1,JS开发工程师,深圳市华科智能有限公司,8k-16k,武汉,50-150人,1-3年,大专,"硬件,数据服务",2018-03-02
2,cocos-js开发工程师,武汉百大新征科技有限公司,4k-8k,武汉,15-50人,不限,不限,"社交网络,游戏",2018-02-28
3,js讲师,北京八维研修学院,15k-25k,北京,2000人以上,5-10年,不限,教育,2018-03-13
4,Node js研发工程师,北京创新伙伴教育科技有限公司,18k-36k,杭州,500-2000人,1-3年,本科,"移动互联网,教育",2018-03-13
5,cocos2d-js开发工程师,武汉勇士科技有限公司,8K-12K,武汉,少于15人,3-5年,本科,"游戏,移动互联网",2018-03-07
6,JavaScript高级工程师,云势天下（北京）软件有限公司,25k-50k,北京,50-150人,5-10年,本科,企业服务,2018-03-07
7,JAVASCRIPT高级开发顾问,北京龙创腾达科技有限公司,15k-18k,北京,15-50人,5-10年,本科,"企业服务,移动互联网",2018-03-13
8,Javascript开发经理,北京快乐格子信息技术有限公司,20k-40k,北京,50-150人,5-10年,本科,"移动互联网,企业服务",2018-03-13
9,JavaScript与H5流媒体研发工程师,Pear Limited,12k-24k,深圳,15-50人,不限,不限,"企业服务,硬件",2018-03-12
10,Cocos2d-js高级游戏开发工程师,阿哈王国（武汉）教育科技有限公司,10k-20k,武汉,少于15人,1-3年,本科,"移动互联网,教育",2018-03-13
11,应用框架JavaScript开发,阿里巴巴YunOS事业部,20k-40k,北京,2000人以上,5-10年,本科,移动互联网,2018-03-13
12,高级前端开发工程师/高级Javascript工程师,上海捷酷信息技术有限公司,15k-30k,上海,15-50人,3-5年,本科,"移动互联网,数据服务",2018-03-13
13,JavaScript开发工程师,深圳大数点科技有限公司,8k-12k,深圳,15-50人,1-3年,本科,移动互联网,2018-03-12
14,"小游戏研发Cocos,Create,JS",长沙睿哲软件有限公司,5k-10k,长沙,15-50人,1-3年,大专,"移动互联网,游戏",2018-02-23
0,js讲师,北京八维研修学院,10k-15k,北京,2000人以上,1-3年,大专,教育,2018-03-13
1,JavaScript高级工程师,北京铂金智慧网络科技有限公司,20k-35k,北京,150-500人,5-10年,本科,"移动互联网,数据服务",2018-02-27
2,node-js游戏开发工程师,上海游族信息技术有限公司,20k-25k,上海,500-2000人,1-3年,不限,"移动互联网,游戏",2018-03-12
3,JS/CSS，JavaScript全栈,上海星轨网络科技有限公司,4k-8k,上海,少于15人,1年以下,大专,"游戏,移动互联网",2018-03-09
4,JS工程师,科加诺智能系统（上海）有限公司,7K-13K,上海,15-50人,1-3年,大专,移动互联网 数据服务,2018-03-08
5,JavaScript开发工程师,深圳英飞拓科技股份有限公司,8k-15k,深圳,500-2000人,3-5年,本科,硬件,2018-03-06
6,高级js工程师,小能科技（北京）有限公司,10k-20k,北京,150-500人,3-5年,本科,移动互联网,2018-03-05
7,Node. js 开发工程师,苏州乐游网络科技有限公司,12k-18k,杭州,15-50人,1-3年,本科,"游戏,社交网络",2018-02-25
8,JS/Web前端开发工程师,成都康乔电子有限责任公司,5k-10k,成都,50-150人,1-3年,大专,"硬件,信息安全",2018-03-12
9,MIG09-浏览器内核开发高级工程师-JS引擎方向,腾讯科技(深圳)有限公司,18k-36k,深圳,2000人以上,5-10年,本科,"移动互联网 ,游戏",2018-03-09
10,java/javascript工程师,上海亚创博彦信息技术有限公司,13k-17k,杭州,500-2000人,1-3年,本科,企业服务,2018-03-12
11,JavaScript软件开发,上海廉凌网络科技有限公司,6k-12k,上海,少于15人,3-5年,大专,"移动互联网,数据服务",2018-03-05
12,cocos2d-js开发工程师,上海星变网络科技有限公司,15k-30k,上海,15-50人,1-3年,本科,教育,2018-03-07
13,JS工程师,云雀科技成都有限责任公司,7k-10k,成都,少于15人,3-5年,本科,"企业服务,医疗健康",2018-02-22
14,游戏开发cocos2d-js/cocos2dx,北京振轩网络信息技术有限公司,15k-25k,北京,15-50人,不限,不限,"移动互联网,广告营销",2018-03-13
0,JavaScript开发工程师,上海琪帆网络科技有限公司,10K-15K,上海,少于15人,1-3年,不限,"移动互联网,企业服务",2018-02-27
1,Web前端工程师/JS工程师,北京云宝科技有限公司,10k-12k,北京,15-50人,1-3年,本科,"移动互联网,其他",2018-03-11
2,js,杭州启冠网络技术有限公司,8k-15k,杭州,50-150人,1-3年,大专,"电子商务,数据服务",2018-02-23
3,PHP/JavaScript程序员,武汉市劲捷电子信息有限公司,5k-8k,武汉,15-50人,1-3年,大专,移动互联网,2018-03-01
4,JavaScript开发工程师,杭州鑫烨科技有限公司,8k-10k,杭州,15-50人,1-3年,本科,移动互联网,2018-03-06
5,高级Javascript工程师,时代际客（深圳）软件有限公司,15k-20k,深圳,150-500人,1-3年,本科,"社交网络,数据服务",2018-03-12
6,web前端开发工程师/JS工程师,北京盛世传越科技有限公司,7k-14k,北京,15-50人,1-3年,大专,移动互联网,2018-03-12
7,高级JavaScript开发工程师（南昌）,江西融思科技有限公司,8k-15k,南昌,50-150人,3-5年,本科,"数据服务,移动互联网",2018-02-23
8,"node,js服务端",杭州边锋网络技术有限公司,10k-20k,上海,500-2000人,1-3年,本科,"移动互联网,游戏",2018-03-06
9,JavaScript/H5开发工程师,携程计算机技术（上海）有限公司,15k-30k,上海,2000人以上,3-5年,本科,"移动互联网,旅游",2018-02-27
10,Cocos2d-JS开发工程师,广州岸腾信息科技有限公司,20K-40K,广州,15-50人,1-3年,本科,"移动互联网,游戏",2018-03-06
11,Javascript开发工程师,深圳市智绘科技有限公司,10k-16k,深圳,15-50人,1-3年,本科,"数据服务,其他",2018-02-24
12,react js,上海泛微网络科技股份有限公司,10k-20k,上海,2000人以上,1-3年,本科,"移动互联网,企业服务",2018-03-12
13,高级PHP/Yii/JavaScript开发工程师,深圳市富盈通科技有限公司,8k-15k,深圳,15-50人,1-3年,本科,企业服务,2018-03-06
14,cocos2d-js 客户端研发工程师,杭州游比阁科技有限公司,8k-16k,杭州,少于15人,不限,不限,游戏,2018-03-12
0,JS前端开发工程师,深信服科技股份有限公司,10k-20k,深圳,2000人以上,1-3年,本科,"信息安全,企业服务",2018-03-13
1,游戏客户端开发(js),福州将神网络科技有限公司,5k-10k,福州,50-150人,不限,大专,"游戏,移动互联网",2018-03-12
2,Javascript开发工程师,Bridge5Asia,8k-16k,深圳,15-50人,1-3年,本科,"企业服务,金融",2018-03-02
3,JavaScript工程师,北京知法平台科技有限公司,5k-10k,北京,15-50人,不限,本科,"移动互联网,企业服务",2018-03-01
4,高级前端JS开发工程师,北京爱奇艺科技有限公司,20k-40k,北京,2000人以上,3-5年,本科,"广告营销,文化娱乐",2018-03-12
5,Node Js工程师,北京多拉科技有限公司,15k-29k,北京,150-500人,1-3年,本科,移动互联网,2018-03-13
6,JS/H5前端开发工程师,上海禾尧网络科技有限公司,5k-9k,上海,少于15人,1-3年,不限,"移动互联网,企业服务",2018-03-02
7,javascript,成都益思文化传播有限公司,8k-12k,成都,少于15人,不限,不限,移动互联网,2018-02-23
8,JavaScript,上海杰鸿信息科技有限公司,9k-15k,上海,15-50人,3-5年,大专,"移动互联网,金融",2018-02-22
9,javascript前端工程师,上海帜讯信息技术股份有限公司,15k-30k,上海,500-2000人,3-5年,大专,"移动互联网,其他",2018-03-12
10,Javascript高级开发工程师,江苏京玉信息技术有限公司,15K-20K,成都,50-150人,3-5年,不限,"移动互联网,信息安全",2018-03-05
11,cocos2d-js游戏客户端开发,深圳市点加互动网络科技有限公司,10k-20k,深圳,50-150人,不限,大专,"移动互联网,游戏",2018-03-13
12,web前端开发/javascript开发工程师,天津市腾达楼宇自控有限公司,15k-30k,北京,50-150人,3-5年,本科,"移动互联网,电子商务",2018-02-23
13,JS高级研发工程师,首汇焦点（北京）科技有限公司,15k-25k,深圳,150-500人,5-10年,大专,文化娱乐,2018-03-07
14,JS SDK开发,神策网络科技（北京）有限公司,20k-30k,北京,50-150人,3-5年,本科,数据服务,2018-03-13
0,游戏客户端（Laya）JS开发工程师,深圳点赞互娱科技有限公司,8K-15K,深圳,15-50人,3-5年,本科,移动互联网,2018-03-10
1,js讲师,北京市海淀区八维计算机培训学校,10K-15K,北京,2000人以上,1-3年,本科,教育,2018-02-28
2,JS前端开发工程师,深圳市网心科技有限公司,20k-40k,北京,150-500人,不限,本科,"移动互联网,企业服务",2018-03-13
3,React JS 工程师,边度网络科技（深圳）有限公司,10k-20k,深圳,50-150人,3-5年,本科,电子商务,2018-03-07
4,JS/前端/APP开发实习生,湖南隆驰信息科技有限公司,3k-6k,长沙,50-150人,不限,不限,"数据服务,其他",2018-03-06
5,移动平台-前端开发工程师(JavaScript方向),国泰君安证券股份有限公司,10k-20k,上海,2000人以上,1-3年,本科,金融,2018-03-12
6,COCOS2D-js主程,江苏弘宝网络科技有限公司,20k-30k,无锡,15-50人,3-5年,大专,"游戏,移动互联网",2018-03-06
7,前端开发工程师（偏JavaScript 方向）,西安卓派信息科技有限公司,5k-7k,西安,50-150人,1-3年,不限,"O2O,其他",2018-03-13
8,前端/小程序/JS工程师,深圳市露宝健康科技有限公司,10k-15k,深圳,少于15人,1-3年,本科,"移动互联网,医疗健康",2018-03-06
9,JS SDK开发,神策网络科技（北京）有限公司,10k-20k,合肥,50-150人,1-3年,本科,数据服务,2018-03-13
10,Node JS工程师,芋头科技（杭州）有限公司,15k-30k,杭州,150-500人,3-5年,不限,"电子商务,移动互联网",2018-03-09
11,"web前端,H5/CSS3,Javascript,",深圳市易化科技有限公司,8k-15k,深圳,少于15人,3-5年,大专,移动互联网,2018-02-27
12,JS前端开发工程师,车好多旧机动车经纪(北京)有限公司,20k-35k,北京,2000人以上,3-5年,本科,O2O,2018-03-12
13,php/mysql/javascript软件工程师,中山市东区凯达斯电脑设计工作室,10k-15k,深圳,150-500人,1-3年,不限,电子商务,2018-02-22
14,Cocos2d-js 前端开发工程师,广州大思教育科技发展有限公司,12k-15k,广州,150-500人,3-5年,本科,"移动互联网,教育",2018-03-13
0,cocos2d-js前端开发工程师,广州大思教育科技发展有限公司,12k-15k,广州,150-500人,3-5年,本科,"移动互联网,教育",2018-03-13
1,javascript高级/资深开发工程师(前端/全),北京爱奇艺科技有限公司,25k-45k,北京,2000人以上,5-10年,本科,"广告营销,文化娱乐",2018-02-28
2,JS SDK开发（合肥）,神策网络科技（北京）有限公司,10k-20k,合肥,50-150人,不限,本科,数据服务,2018-03-13
3,js前端开发工程师,深圳市有信网络技术有限公司,10k-16k,北京,150-500人,1-3年,本科,移动互联网,2018-03-12
4,全栈JS开发工程师,北京缔联科技有限公司,12k-18k,北京,15-50人,3-5年,本科,企业服务,2018-02-27
5,前端JS开发工程师,上海微创软件股份有限公司北京分公司,10k-13k,北京,2000人以上,1-3年,本科,"移动互联网,电子商务",2018-03-13
6,js前端开发工程师,深圳市致远优学教育科技有限公司,8k-12k,成都,500-2000人,3-5年,本科,移动互联网,2018-03-09
7,Cocos2d-JS游戏开发工程师,北京杰迈科技股份有限公司,20k-30k,北京,150-500人,3-5年,本科,"数据服务,企业服务",2018-02-23
8,cocos2dx-JS游戏开发工程师,深圳窝窝网络科技有限公司,15k-30k,深圳,15-50人,1-3年,本科,"游戏,移动互联网",2018-03-05
9,JS前端开发工程师,武汉佰钧成技术有限责任公司,8k-14k,西安,2000人以上,3-5年,本科,移动互联网,2018-03-01
10,KunLun-web前端js研发工程师,成都数联铭品科技有限公司,10k-20k,成都,150-500人,不限,不限,"电子商务,数据服务",2018-03-12
11,JavaScript前端开发工程师,深圳点猫科技有限公司,8k-16k,深圳,150-500人,不限,本科,"移动互联网,教育",2018-03-13
12,JavaScript前端开发工程师,金华秀吧信息科技有限公司北京分公司,15k-25k,北京,50-150人,3-5年,大专,"社交网络,文化娱乐",2018-03-13
13,JS全栈开发工程师,北京爱和健康科技有限公司,15k-25k,北京,150-500人,1-3年,本科,"移动互联网,医疗健康",2018-03-02
14,前端JS工程师,北京轻松筹网络科技有限公司,20k-35k,北京,150-500人,3-5年,大专,"移动互联网,金融",2018-03-13
0,前端JavaScript高级工程师,北京爱奇艺科技有限公司,18k-35k,北京,2000人以上,3-5年,本科,"广告营销,文化娱乐",2018-02-26
1,前端JS开发工程师,上海微创软件股份有限公司北京分公司,10k-14k,北京,2000人以上,1-3年,本科,"移动互联网,电子商务",2018-03-13
2,Cocos Creator(js)工程师,成都炎灵科技有限公司,6k-12k,成都,少于15人,1-3年,不限,"移动互联网,游戏",2018-03-12
3,javascript前后端软件开发工程师,上海迹客科技,5k-8k,郑州,15-50人,1-3年,本科,"移动互联网,企业服务",2018-03-12
4,JavaScript全栈工程师,郑州脉冲软件科技有限公司,7k-12k,郑州,15-50人,3-5年,不限,"移动互联网,企业服务",2018-03-13
5,JavaScript Reactjs 开发,上海岚智网络科技有限公司,7k-14k,上海,15-50人,1-3年,本科,"移动互联网,电子商务",2018-03-12
6,Javascript 前端开发工程师,北京凤凰理理它信息技术有限公司,15k-25k,北京,150-500人,3-5年,本科,金融,2018-03-13
7,js全栈工程师,上海沙湖信息科技有限公司,13k-25k,上海,15-50人,3-5年,本科,"数据服务,硬件",2018-03-12
8,javascript开发工程师（爬虫方向）,哦加哦网络科技（上海）有限公司,15k-30k,上海,500-2000人,1-3年,本科,"移动互联网,其他",2018-03-13
9,高级Javascript工程师（爬虫相关）,广州通游宝信息科技有限公司,12k-24k,广州,15-50人,3-5年,大专,电子商务,2018-03-12
10,前端架构师（JS),中企动力科技股份有限公司,25k-50k,北京,2000人以上,5-10年,大专,"电子商务,移动互联网",2018-03-12
11,Js高级前端开发工程师（本科，3+年开发经验）,北京简单科技有限公司,15k-25k,北京,150-500人,3-5年,本科,"移动互联网,教育",2018-03-12
12,NODE JS 前端工程师,深圳前海用友力合金融服务有限公司,10k-20k,深圳,500-2000人,1-3年,本科,金融,2018-03-13
13,Javascript全栈开发工程师,北京小砖科技有限公司,20K-30K,北京,少于15人,1-3年,本科,"数据服务,移动互联网",2018-03-09
14,前端开发工程师JS方向,麦可视觉设计,6k-8k,广州,少于15人,3-5年,不限,其他,2018-03-12
0,Node. Js前端开发工程师,东盛华达（武汉）企业管理咨询有限公司,18k-36k,北京,150-500人,3-5年,本科,"移动互联网,电子商务",2018-03-12
1,JS全栈工程师,湖南省我来信息科技有限公司,10k-15k,长沙,15-50人,3-5年,本科,"移动互联网,教育",2018-03-13
2,高级前端开发（JS方向）,北京微吼时代科技有限公司,15k-30k,北京,150-500人,5-10年,本科,"移动互联网,数据服务",2018-03-12
3,前端研发工程师(JS),北京简道致远科技有限公司,15K-25K,北京,15-50人,1-3年,本科,移动互联网,2018-03-12
4,高级js前端工程师,北京寻宝天行网络技术有限公司,15k-25k,北京,50-150人,3-5年,本科,电子商务,2018-03-13
5,JavaScript 全栈工程师,杭州惠借科技有限公司,15k-30k,杭州,50-150人,3-5年,本科,移动互联网,2018-03-04
6,中级 JavaScript 前台开发工程师,天津傲飞物联科技有限公司,5k-8k,天津,少于15人,3-5年,大专,"其他,数据服务",2018-02-22
7,NODE JS 前端高级工程师,深圳前海用友力合金融服务有限公司,15k-30k,深圳,500-2000人,5-10年,本科,金融,2018-03-13
8,Lead JavaScript Engineer,亿磐系统（深圳）有限公司,20k-35k,深圳,2000人以上,5-10年,本科,企业服务,2018-03-01
9,Javascript全栈工程师,北京频果市场营销策划有限公司,25k-40k,北京,15-50人,3-5年,本科,"移动互联网,电子商务",2018-03-13
10,高级web/js前端,北京桉桉投资管理有限公司,20k-40k,北京,少于15人,5-10年,本科,金融,2018-03-13
11,高级前端工程师(Javascript),上海汉州互联网金融信息服务有限公司,15k-25k,上海,15-50人,3-5年,本科,"移动互联网,电子商务",2018-03-13
12,Node JS全栈开发工程师,北京盛安德科技发展有限公司,25k-35k,北京,150-500人,5-10年,本科,"移动互联网,企业服务",2018-03-13
13,javascript全栈工程师,北京今朝勇创科技有限公司,8k-12k,武汉,50-150人,3-5年,本科,硬件,2018-03-07
14,Cocos2d-js前端开发工程师,深圳市金泰长丰科技有限公司,20k-40k,深圳,50-150人,3-5年,本科,游戏,2018-03-12
0,高级js前端工程师,北京寻宝天行网络技术有限公司,20k-30k,北京,50-150人,5-10年,不限,电子商务,2018-03-13
1,Node JS 全栈开发工程师,北京盛安德科技发展有限公司,15k-25k,天津,150-500人,5-10年,本科,"移动互联网,企业服务",2018-03-13
2,高级软件工程师（前端/javascript）,北京网录科技有限公司,15K-25K,北京,50-150人,5-10年,本科,"金融,数据服务",2018-03-07
3,cocos creator客户端开发工程师(js),浙江彩狗文化传播有限公司,13k-18k,杭州,50-150人,不限,大专,"移动互联网,游戏",2018-03-13
4,JS全栈开发,Mediasia Interactive,20k-30k,上海,少于15人,3-5年,本科,招聘,2018-03-07
5,WEB前端 JavaScript高级开发工程师,北京火舞科技有限公司,10k-15k,北京,15-50人,3-5年,大专,游戏,2018-03-12
6,JavaScript 全栈工程师,北京思睿峰知识产权代理有限公司,4k-7k,北京,15-50人,不限,本科,其他,2018-02-27
7,JavaScript前端开发,北京知因智慧数据科技有限公司,15k-20k,北京,50-150人,5-10年,本科,"金融,数据服务",2018-03-12
8,Web前端开发工程师（react js）,上海泛微网络科技股份有限公司,10k-15k,上海,2000人以上,1-3年,本科,"移动互联网,企业服务",2018-03-13
9,高级WEB前端开发工程师(JS),上海聚力传媒技术有限公司,20k-30k,北京,500-2000人,5-10年,本科,文化娱乐,2018-03-12
10,前端开发（精通JavaScript）,上海炎武金融信息服务有限公司,15k-20k,上海,50-150人,3-5年,本科,"移动互联网,金融",2018-02-27
11,Node JS高级开发工程师,广州博胜信息科技有限公司,9k-18k,广州,50-150人,3-5年,本科,"移动互联网,企业服务",2018-03-06
12,前端JS工程师,ON CONNECTION SDN.BHD,10k-15k,成都,15-50人,3-5年,大专,"移动互联网,社交网络",2018-03-13
13,cocos js 游戏开发工程师,深圳市久久互动科技有限公司,10k-15k,深圳,少于15人,1-3年,大专,移动互联网,2018-02-27
14,全栈javascript工程师,纷腾数字媒体（深圳）有限公司,15k-20k,深圳,15-50人,3-5年,本科,"移动互联网,金融",2018-02-28
0,web前端（react js/angular2）,上海泛微网络科技股份有限公司,15k-20k,上海,2000人以上,3-5年,本科,"移动互联网,企业服务",2018-03-13
1,JS爬虫开发工程师【可实习】,杭州快忆科技有限公司,5k-8k,杭州,15-50人,不限,大专,"移动互联网,数据服务",2018-03-13
2,Javascript/CSS前端工程师,琢品网络科技（上海）有限公司,18k-28k,上海,15-50人,3-5年,本科,移动互联网,2018-03-12
3,cocos2D js 研发,成都延信科技有限公司,8K-15K,长沙,50-150人,不限,不限,移动互联网,2018-03-05
4,高级JS前端开发工程师,爱蜂巢（苏州）电子商务有限公司,10k-18k,苏州,150-500人,3-5年,本科,"O2O,电子商务",2018-03-12
5,web前端开发（JavaScript）,海致网络技术(北京)有限公司,15k-25k,北京,150-500人,3-5年,本科,"移动互联网,企业服务",2018-02-22
6,NodeJS JavaScript 工程师,北京光音网络发展股份有限公司,8k-15k,上海,150-500人,不限,本科,"广告营销,数据服务",2018-03-09
7,JS前端开发工程师,晓能（深圳）科技有限公司,8k-16k,深圳,50-150人,1-3年,大专,"移动互联网,数据服务",2018-03-13
8,JavaScript前端工程师,漫动互通网络科技（北京）有限公司,8k-10k,北京,50-150人,1-3年,本科,移动互联网,2018-03-10
9,PHP/Node js后端开发工程师,深圳市前海汇流信息科技有限公司,13k-25k,深圳,50-150人,1-3年,本科,移动互联网,2018-03-13
10,Angular js,中信网络科技股份有限公司,10k-20k,北京,500-2000人,不限,本科,金融,2018-03-09
11,JS前端工程师,东莞市鼎点网络科技有限公司,8k-12k,东莞,15-50人,3-5年,大专,"移动互联网,电子商务",2018-03-12
12,高级前端开发工程师（JS/H5）,蓝信移动（北京）科技有限公司,15k-30k,北京,150-500人,3-5年,本科,移动互联网,2018-03-13
13,前端工程师（JS）,载信软件（上海）有限公司,10k-18k,上海,150-500人,1-3年,本科,"移动互联网,电子商务",2018-03-05
14,JS前端软件开发工程师,深圳少年创客科技有限公司,14k-25k,深圳,50-150人,5-10年,本科,"移动互联网,教育",2018-02-26
0,Web前端开发工程师（react js）,上海泛微网络科技股份有限公司,10k-15k,上海,2000人以上,1-3年,本科,"移动互联网,企业服务",2018-03-13
1,中级或高级前端Javascript工程师,北京通通游技术有限公司,12k-24k,北京,50-150人,3-5年,大专,"电子商务,旅游",2018-03-13
2,js前端开发,长沙伯格网络科技有限公司,6K-12K,长沙,50-150人,3-5年,本科,"移动互联网,生活服务",2018-02-23
3,JS前端工程师,上海合起跃信息技术有限公司,8k-15k,上海,少于15人,不限,不限,"移动互联网,社交网络",2018-03-01
4,Javascript H5棋牌游戏开发,深圳英迈思文化科技有限公司,8k-16k,深圳,500-2000人,不限,本科,移动互联网,2018-03-13
5,JS前端工程师,上海析鲸信息科技有限公司,10k-15k,上海,15-50人,3-5年,本科,"数据服务,金融",2018-03-11
6,Cocos工程师（Lua/js/Creator）,北京展游科技有限公司,13k-25k,北京,150-500人,1-3年,不限,游戏,2018-03-12
7,前端初级JavaScript工程师,赛瓦软件（上海）有限公司,5K-7K,武汉,15-50人,1年以下,大专,企业服务,2018-03-13
8,Angular JS 中高级前端开发工程师,普奥云信息科技（北京）有限公司,25k-40k,北京,50-150人,5-10年,本科,数据服务,2018-03-13
9,前端开发工程师（javascript）,北京心更远科技发展有限公司,13k-25k,北京,50-150人,1-3年,本科,"移动互联网,O2O",2018-03-12
10,前端JS工程师,深圳市吾爱尚信息科技有限公司,10k-20k,深圳,15-50人,3-5年,大专,移动互联网,2018-03-12
11,web前端（JS为主）,长沙优万信息科技有限公司,7k-14k,长沙,少于15人,1-3年,不限,"电子商务,移动互联网",2018-03-09
12,JS前端,济南团谱信息技术有限公司,6k-8k,济南,15-50人,3-5年,不限,"移动互联网,游戏",2018-03-12
13,前端开发工程师（JS方向）,杭州品茗安控信息技术股份有限公司,8k-15k,杭州,500-2000人,1-3年,本科,"企业服务,数据服务",2018-02-24
14,JS前端开发工程师,深信服网络科技（深圳）有限公司,10k-20k,深圳,150-500人,1-3年,本科,"移动互联网,企业服务",2018-03-03
0,前端架构师（精通react js）,上海泛微网络科技股份有限公司,18k-30k,上海,2000人以上,3-5年,本科,"移动互联网,企业服务",2018-03-12
1,JS前端 （长沙）,深圳高新网络科技有限公司,15k-20k,长沙,50-150人,1-3年,本科,游戏,2018-03-06
2,javascript前端开发工程师,北京全星时空科技有限公司,15k-30k,北京,15-50人,1-3年,大专,"移动互联网,O2O",2018-02-28
3,前端开发工程师（JS）,上海春秋国际旅行社（集团）有限公司,15k-30k,上海,2000人以上,3-5年,不限,"旅游,生活服务",2018-03-07
4,JavaScript前端开发工程师,广州市锐汇软件科技有限公司,5k-8k,广州,少于15人,1-3年,大专,"移动互联网,广告营销",2018-03-05
5,PHP/Node js后端开发工程师,新疆邻国在线网络科技有限公司,7k-14k,深圳,15-50人,1-3年,大专,教育,2018-02-23
6,JS/Javascript开发工程师（懂Android）,携程计算机技术（上海）有限公司,10k-20k,上海,2000人以上,1-3年,本科,"移动互联网,旅游",2018-03-11
7,高级前端开发工程师（JS方向）,湖南钢信钢之家大数据技术有限公司,12k-15k,长沙,15-50人,3-5年,本科,"移动互联网,数据服务",2018-03-04
8,React/Javascript前端开发,北京米拓世纪科技有限公司,10k-15k,北京,15-50人,1-3年,本科,"移动互联网,广告营销",2018-03-08
9,[Go/Php/Js小程序]项目培训实习生,广东远景信息科技有限公司,1k-2k,广州,50-150人,不限,大专,移动互联网,2018-03-13
10,中级 BI/JavaScript 前端开发工程师,天津傲飞物联科技有限公司,5k-8k,天津,少于15人,不限,不限,"其他,数据服务",2018-02-22
11,前端JS工程师,北京文华在线科技发展有限公司,7k-14k,北京,150-500人,1-3年,本科,"移动互联网,教育",2018-03-05
12,高级前端工程师（JS）,西安一寸虫网络科技有限公司,8k-10k,西安,15-50人,3-5年,大专,"电子商务,移动互联网",2018-02-25
13,JavaScript前端工程师,天才在线（北京）科技有限公司,10K-12K,北京,15-50人,1-3年,本科,社交网络,2018-02-27
14,javascript 前端工程师,成都创行信息科技有限公司,5k-10k,成都,15-50人,1-3年,大专,"社交网络,数据服务",2018-02-27
0,Web前端开发(Javascript),图丰信息（成都）有限责任公司,8k-15k,成都,50-150人,3-5年,本科,"移动互联网,数据服务",2018-03-12
1,JS前端影像研发工程师,卫宁健康科技集团股份有限公司,10k-15k,西安,500-2000人,3-5年,本科,"医疗健康,数据服务",2018-03-01
2,JavaScript前端,上海艾拉网网络科技有限公司,6k-8k,上海,少于15人,1-3年,大专,"移动互联网,社交网络",2018-02-28
3,JS前端程序员,苏州酷码信息科技有限公司,4k-8k,苏州,少于15人,不限,大专,移动互联网,2018-03-05
4,Web/js前端,深圳市天行家科技有限公司,7k-12k,深圳,50-150人,1-3年,大专,"O2O,生活服务",2018-03-02
5,COCOS2D-js前端游戏开发工程师,江苏弘宝网络科技有限公司,8k-12k,无锡,15-50人,1-3年,大专,"游戏,移动互联网",2018-03-06
6,高级工程师：js区块链引擎设计开发,深圳前海益链网络科技有限公司,15k-30k,深圳,15-50人,3-5年,本科,移动互联网,2018-02-28
7,资深Angular Js UI开发工程师,上海骞云信息科技有限公司,15k-30k,上海,50-150人,5-10年,本科,"企业服务,数据服务",2018-03-13
8,WEB前端研发工程师(复杂JS应用/数据可视化),北京京东世纪贸易有限公司,15k-30k,北京,2000人以上,3-5年,本科,"电子商务,数据服务",2018-02-23
9,Web前端工程师（JS开发）,成都中科大旗软件有限公司,12k-20k,成都,150-500人,5-10年,大专,"移动互联网,旅游",2018-02-26
10,web前端开发（JS）,成都优译信息技术有限公司,7k-9k,成都,50-150人,1-3年,本科,"移动互联网,数据服务",2018-03-11
11,Web前端工程师（JS）,上海澜赢信息技术有限公司,9k-12k,上海,50-150人,1-3年,本科,移动互联网,2018-03-05
12,HTML5（javascript/H5）,携程计算机技术（上海）有限公司,15k-25k,上海,2000人以上,3-5年,本科,"移动互联网,旅游",2018-03-11
13,前端开发开发工程师（H5/WEB/JS）,上海合阔信息技术有限公司,12k-20k,上海,15-50人,3-5年,不限,"企业服务,移动互联网",2018-03-13
14,"高级前端工程师(Web/JS, PHP|Java)",智线云科技（北京）有限公司,12k-24k,北京,50-150人,3-5年,本科,"移动互联网,数据服务",2018-03-13
0,手机游戏程序员(java，c++、.net、js）,北京米纳科技有限公司,6k-10k,福州,50-150人,1年以下,本科,"移动互联网,电子商务",2018-03-13
1,"高级前端工程师(Web/JS, PHP|Java)",智线云科技（北京）有限公司,10k-15k,武汉,50-150人,3-5年,本科,"移动互联网,数据服务",2018-03-13
2,"Web前端开发(javascript,vue)",壹元优品教育科技（成都）有限公司,7k-10k,成都,15-50人,不限,不限,"移动互联网,教育",2018-03-01
3,初级开发工程师（Java、C++、JS）,软岛科技（重庆）有限公司,3k-5k,重庆,150-500人,1年以下,本科,电子商务,2018-02-25
4,java cocos2dx js 游戏开发工程师,杭州育谷科技有限公司,8k-16k,杭州,500-2000人,1-3年,大专,"移动互联网,O2O",2018-03-08
5,高级 Node.js 工程师,深圳晶泰科技有限公司,15k-25k,深圳,50-150人,3-5年,本科,"企业服务,医疗健康",2018-03-13
6,h5 node js 前端开发工程师,广东粤微食用菌技术有限公司,6k-12k,广州,150-500人,1-3年,不限,医疗健康,2018-03-07
7,Node.js方向后端工程师,北京国双科技有限公司,15k-25k,北京,500-2000人,3-5年,本科,"数据服务,企业服务",2018-03-12
8,react.js,上海泛微网络科技股份有限公司,10k-16k,上海,2000人以上,1-3年,本科,"移动互联网,企业服务",2018-03-13
9,COCOS2D.JS,北京棋开德胜科技有限公司,15k-30k,北京,150-500人,3-5年,本科,"移动互联网,游戏",2018-03-13
10,Node.js工程师,点我达网络科技有限公司,15k-30k,杭州,500-2000人,3-5年,不限,O2O,2018-03-13
11,Node.js工程师,上海萌店信息科技有限公司,18k-35k,上海,2000人以上,3-5年,本科,"移动互联网,电子商务",2018-03-13
12,Node.js全栈工程师,北京安高盟科技服务有限公司,15k-25k,北京,50-150人,3-5年,本科,金融,2018-03-13
13,cocos2js/2dx,河南省胜讯网络科技有限公司,10k-15k,郑州,15-50人,3-5年,大专,"移动互联网,游戏",2018-03-06
14,Node.js工程师,武汉斗鱼网络科技有限公司,9k-18k,武汉,2000人以上,1-3年,本科,移动互联网,2018-03-12
0,"中级前端工程师(Web/JS, PHP|Java)",智线云科技（北京）有限公司,5k-10k,武汉,50-150人,1-3年,本科,"移动互联网,数据服务",2018-03-13
1,react.js,上海泛微网络科技股份有限公司,12k-18k,上海,2000人以上,1-3年,本科,"移动互联网,企业服务",2018-03-13
2,Node.js全栈工程师,北京国双科技有限公司,15k-25k,北京,500-2000人,3-5年,本科,"数据服务,企业服务",2018-03-12
3,Node.js开发工程师,北京创新伙伴教育科技有限公司,18k-36k,北京,500-2000人,不限,本科,"移动互联网,教育",2018-03-13
4,Node.JS Engineer,时空幻境（北京）科技有限公司,15k-25k,北京,50-150人,3-5年,本科,游戏,2018-03-13
5,Node.js开发工程师,点我达网络科技有限公司,10K-20K,杭州,500-2000人,3-5年,本科,O2O,2018-03-06
6,Node.js工程师,杭州大搜车汽车服务有限公司,10k-20k,杭州,500-2000人,1-3年,本科,"移动互联网,O2O",2018-03-12
7,Node.js开发工程师,上海贝涛金融信息服务有限公司,18k-35k,上海,50-150人,3-5年,本科,金融,2018-03-13
8,搜狗大律师-Node.js工程师-北京-03433,北京搜狗科技发展有限公司,25k-35k,北京,2000人以上,3-5年,本科,"移动互联网,数据服务",2018-03-13
9,Node.js,光合新知（北京）科技有限公司,20k-40k,北京,150-500人,3-5年,不限,"移动互联网,教育",2018-03-12
10,Node.js服务器程序,浙江冰峰科技有限公司,10k-15k,杭州,50-150人,1-3年,大专,游戏,2018-03-13
11,Node.js 后端工程师,北京云思畅想科技有限公司,15k-30k,北京,50-150人,3-5年,本科,"企业服务,数据服务",2018-03-12
12,Node.js研发架构师,北京世纪好未来教育科技有限公司,35k-60k,北京,2000人以上,5-10年,本科,"移动互联网,教育",2018-03-12
13,node.js开发工程师,北京三快在线科技有限公司,18k-35k,北京,2000人以上,1-3年,本科,"移动互联网,O2O",2018-03-08
14,React.js Web,天津益阳煜赢网络科技有限公司,18k-28k,北京,50-150人,3-5年,本科,"O2O,金融",2018-03-13
0,"中级前端工程师(Web/JS, PHP|Java)",智线云科技（北京）有限公司,12k-24k,北京,50-150人,1-3年,本科,"移动互联网,数据服务",2018-03-13
1,Node.js,光合新知（北京）科技有限公司,20k-40k,北京,150-500人,3-5年,大专,"移动互联网,教育",2018-03-13
2,React.js前端工程师,长沙辰运软件有限公司,10k-20k,长沙,150-500人,3-5年,本科,移动互联网,2018-03-13
3,Vue.js,北京掌众科技有限公司,25k-50k,北京,500-2000人,5-10年,本科,"移动互联网,金融",2018-03-12
4,Node.js后端高级工程师,别处网络科技（上海）有限公司,15k-25k,上海,15-50人,3-5年,本科,"生活服务,社交网络",2018-03-12
5,react.js前端,上海泛微网络科技股份有限公司,12k-16k,上海,2000人以上,1-3年,本科,"移动互联网,企业服务",2018-03-13
6,Node.js,上海微麦电子商务发展有限公司,20k-30k,上海,15-50人,3-5年,本科,"移动互联网,电子商务",2018-03-13
7,Node.js全栈工程师,心灵失重（北京）科技有限公司,15k-30k,北京,50-150人,5-10年,本科,移动互联网,2018-03-12
8,数据可视化前端（D3.js）,杭州当堂信息技术有限公司,10k-20k,杭州,50-150人,不限,本科,"移动互联网,生活服务",2018-03-13
9,Node.js开发工程师（北京）,上海倾听信息技术有限公司,20k-40k,北京,150-500人,3-5年,本科,移动互联网,2018-03-13
10,高级研发岗位Node.js,上海店达信息技术有限公司,20k-25k,上海,500-2000人,3-5年,大专,"电子商务,O2O",2018-03-07
11,Node.js开发工程师,阿哈王国（武汉）教育科技有限公司,8K-15K,武汉,少于15人,1-3年,本科,"移动互联网,教育",2018-03-13
12,Node.js开发工程师,北京所问数据科技有限公司,10k-20k,北京,50-150人,1-3年,不限,"企业服务,数据服务",2018-03-13
13,node.js全栈工程师,上海掌小门教育科技有限公司,12k-24k,上海,500-2000人,3-5年,大专,"移动互联网,教育",2018-03-12
14,接口/Node.js 开发,北京妙医佳信息技术有限公司,10k-20k,北京,50-150人,3-5年,本科,移动互联网,2018-03-13
0,React.JS前端工程师,长沙辰运软件有限公司,10k-20k,长沙,150-500人,3-5年,本科,移动互联网,2018-03-13
1,node.js【徐汇】,上海彩亿信息技术有限公司,15k-25k,上海,500-2000人,3-5年,本科,"移动互联网,金融",2018-03-13
2,node.js后端工程师,精硕科技（北京）股份有限公司,20k-40k,北京,500-2000人,3-5年,本科,数据服务,2018-03-12
3,web前端开发工程师（Node.js方向）,北京作业盒子科技有限公司,20k-40k,北京,500-2000人,3-5年,本科,"移动互联网,教育",2018-03-05
4,React.js Web,天津益阳煜赢网络科技有限公司,18k-28k,北京,50-150人,不限,本科,"O2O,金融",2018-02-26
5,Node.js&nbsp;开发工程师,浙江每日互动网络科技股份有限公司,12k-20k,杭州,150-500人,1-3年,本科,移动互联网,2018-02-28
6,前端开发工程师(vue.js+react.js),上海泛微网络科技股份有限公司,12k-16k,上海,2000人以上,1-3年,本科,"移动互联网,企业服务",2018-03-13
7,Node.js 软件工程师,上海初生网络科技有限公司,12k-20k,上海,50-150人,1-3年,本科,"移动互联网,社交网络",2018-03-08
8,Node.js服务器开发工程师,搜游网络科技（北京）有限公司,15k-30k,北京,50-150人,3-5年,本科,"移动互联网,游戏",2018-03-13
9,Node.js工程师,杏树林信息技术（北京）有限公司,15k-25k,北京,150-500人,3-5年,本科,"移动互联网,医疗健康",2018-03-13
10,Node.js,优品财富管理有限公司,13k-26k,武汉,500-2000人,不限,本科,金融,2018-03-13
11,Node.js全栈工程师,AFTERSHIP LIMITED,10k-20k,深圳,15-50人,1-3年,本科,"电子商务,企业服务",2018-03-12
12,Node.js开发工程师,北京多牛互动传媒股份有限公司,15K-30K,北京,150-500人,1-3年,本科,文化娱乐,2018-03-12
13,客户端开发工程师（Cocos2dx-js）,上海纵游网络技术有限公司,15k-25k,上海,150-500人,1-3年,本科,"移动互联网,游戏",2018-03-13
14,Node.js研发工程师,乐趣家（北京）信息技术有限公司,12k-20k,北京,150-500人,3-5年,本科,"移动互联网,电子商务",2018-03-12
0,node.js开发工程师,上海彩亿信息技术有限公司,20k-40k,上海,500-2000人,5-10年,本科,"移动互联网,金融",2018-03-12
1,Node.js(组长）高级全栈工程师,AFTERSHIP LIMITED,25k-50k,深圳,15-50人,3-5年,本科,"电子商务,企业服务",2018-03-12
2,Node.js开发工程师,北京修齐治平科技有限公司,15k-25k,北京,500-2000人,3-5年,本科,"教育,数据服务",2018-03-12
3,cocos2d-js,土木金华（武汉）信息科技有限公司,10k-20k,武汉,15-50人,1-3年,不限,移动互联网,2018-03-07
4,Node.js,上海鸣勃网络科技有限公司,11k-17k,上海,少于15人,不限,本科,"移动互联网,文化娱乐",2018-03-13
5,node.js开发工程师,北京新东方迅程网络科技有限公司,12k-18k,北京,500-2000人,3-5年,本科,"移动互联网,教育",2018-03-13
6,高级node.js工程师,竞技世界（北京）网络技术有限公司,20k-40k,北京,500-2000人,5-10年,本科,"移动互联网,游戏",2018-03-12
7,Node.js工程师,上海凯洛格信息科技有限公司,9k-15k,上海,150-500人,1-3年,本科,教育,2018-03-13
8,"游戏开发（cocos-js,egret）",北京火舞科技有限公司,15k-25k,北京,15-50人,1-3年,大专,游戏,2018-03-12
9,node.js,北京阿希链科技有限公司,25k-40k,北京,50-150人,5-10年,本科,移动互联网,2018-03-13
10,Node.js全栈工程师,北京优澜科技有限公司,25k-40k,北京,15-50人,5-10年,本科,移动互联网,2018-03-13
11,Node.js工程师,上海阿几网络技术有限公司,15k-30k,上海,15-50人,1-3年,本科,"移动互联网,企业服务",2018-03-12
12,Node.js Engineer,厦门铃盛软件有限公司,12k-24k,厦门,500-2000人,1-3年,本科,"移动互联网,数据服务",2018-03-01
13,Node.js工程师,北京佳格天地科技有限公司,18k-30k,北京,50-150人,3-5年,本科,"移动互联网,数据服务",2018-03-13
14,后端开发工程师（Node.js）,杭州当堂信息技术有限公司,15k-30k,杭州,50-150人,3-5年,不限,"移动互联网,生活服务",2018-03-13
0,Node.js,上海彩亿信息技术有限公司,18k-30k,上海,500-2000人,3-5年,本科,"移动互联网,金融",2018-03-12
1,Node.js高级全栈工程师,AFTERSHIP LIMITED,18k-35k,深圳,15-50人,3-5年,本科,"电子商务,企业服务",2018-03-13
2,Node.js开发工程师,武汉智领云科技有限公司,10k-15k,武汉,15-50人,3-5年,本科,"数据服务,移动互联网",2018-03-06
3,Node.js开发工程师,广州智干电子商务科技有限公司,13k-20k,广州,150-500人,1-3年,本科,电子商务,2018-03-13
4,Node.js 工程师,武汉初心科技有限公司,15k-25k,武汉,50-150人,3-5年,本科,移动互联网,2018-03-12
5,Node.js后端工程师,北京终极天橙信息技术有限公司,15K-30K,北京,15-50人,3-5年,本科,移动互联网,2018-03-12
6,Node.JS开发工程师,上海首格网络科技有限公司,8k-12k,杭州,50-150人,1-3年,大专,"移动互联网,医疗健康",2018-03-13
7,Node.js工程师,上海中软华腾软件系统有限公司,10k-20k,上海,2000人以上,3-5年,本科,"企业服务,金融",2018-03-12
8,Node.js后端开发工程师（V7500）,上海极链网络科技有限公司,20k-30k,上海,150-500人,3-5年,本科,"数据服务,文化娱乐",2018-03-12
9,Node.js开发工程师（中高级）,微鲸科技有限公司,15k-25k,上海,500-2000人,1-3年,本科,移动互联网,2018-03-12
10,Node.Js开发工程师,搜股（北京）科技有限公司,12k-20k,上海,50-150人,不限,本科,"金融,移动互联网",2018-03-12
11,Node.js工程师,尚层装饰（北京）有限公司,10k-15k,北京,2000人以上,3-5年,大专,生活服务,2018-03-12
12,Node.js工程师,北京修齐治平科技有限公司,15k-23k,北京,500-2000人,3-5年,本科,"教育,数据服务",2018-03-12
13,资深前端开发工程师/专家（Node.js）-无锡,阿里巴巴YunOS事业部,20k-40k,无锡,2000人以上,3-5年,本科,移动互联网,2018-03-13
14,Node.js工程师,北京泽创天成生物医药科技有限公司,10k-18k,北京,15-50人,1-3年,本科,"移动互联网,医疗健康",2018-03-13
0,Node.JS,上海彩亿信息技术有限公司,23k-36k,上海,500-2000人,5-10年,本科,"移动互联网,金融",2018-03-13
1,高级Node.js工程师,北京泽创天成生物医药科技有限公司,18k-30k,北京,15-50人,3-5年,本科,"移动互联网,医疗健康",2018-03-13
2,Node.js开发工程师,北京博智天下信息技术有限公司,20k-40k,北京,150-500人,5-10年,本科,教育,2018-03-12
3,Node.js后端开发工程师,北京火舞科技有限公司,10k-20k,北京,15-50人,不限,大专,游戏,2018-03-12
4,node.js游戏服务端主程,上海幻电信息科技有限公司,15k-25k,上海,500-2000人,5-10年,本科,"移动互联网,文化娱乐",2018-03-13
5,后台开发（Node.js）,深圳道乐科技有限公司,5k-9k,广州,50-150人,1-3年,本科,"移动互联网,金融",2018-03-13
6,高级Node.js开发工程师,丹尼尔惠灵顿贸易（深圳）有限公司,10k-20k,深圳,150-500人,3-5年,本科,电子商务,2018-03-13
7,Node.js开发工程师,上海快屏网络科技有限公司,8k-15k,上海,50-150人,1-3年,大专,"移动互联网,广告营销",2018-03-12
8,Node.js高级开发工程师,艺龙网信息技术（北京）有限公司,25k-35k,北京,2000人以上,5-10年,本科,"移动互联网,旅游",2018-03-13
9,后端开发工程师（Node.js）,上海唯链信息科技有限公司,15k-25k,上海,50-150人,3-5年,大专,"移动互联网,信息安全",2018-03-13
10,Cocos2d-js工程师,广州唯思软件股份有限公司,8k-10k,广州,150-500人,1-3年,本科,"电子商务,游戏",2018-03-05
11,考拉-Node.js开发工程师,广州财略金融信息科技有限公司,10k-18k,广州,50-150人,1-3年,不限,金融,2018-03-13
12,高级Node.js开发工程师,北京升哲科技有限公司,15k-30k,北京,50-150人,5-10年,本科,"移动互联网,硬件",2018-03-12
13,Node.js,伙伴聚力（北京）科技有限公司,15k-30k,北京,50-150人,3-5年,本科,企业服务,2018-03-13
14,Node.js开发,上海脉豪商务信息咨询有限公司,15k-25k,上海,150-500人,1-3年,大专,"移动互联网,企业服务",2018-03-13
0,node.js开发,上海彩亿信息技术有限公司,14k-28k,上海,500-2000人,不限,本科,"移动互联网,金融",2018-03-13
1,node.js后端开发工程师,上海豆子网络科技有限公司,12k-18k,上海,150-500人,3-5年,本科,游戏,2018-03-12
2,Node.js,上海上业信息科技股份有限公司,15k-20k,上海,150-500人,3-5年,大专,"移动互联网,教育",2018-03-12
3,系统开发工程师（Node.js）,北京慕华信息科技有限公司,15k-25k,北京,150-500人,3-5年,本科,"移动互联网,教育",2018-03-13
4,node.js,北京科维睿创科技有限公司,15k-30k,北京,15-50人,3-5年,不限,"数据服务,移动互联网",2018-03-13
5,Node.js开发工程师,亿众骏达网络科技（深圳）有限公司,10k-20k,深圳,50-150人,1-3年,不限,"企业服务,电子商务",2018-03-13
6,node.js工程师／服务器端工程师,职优你（上海）教育科技有限公司,10k-20k,上海,50-150人,1-3年,本科,教育,2018-03-13
7,资深 Node.js 工程师,上海优领信息科技有限公司,15k-25k,上海,15-50人,1-3年,本科,"企业服务,金融",2018-03-07
8,Node.js,上海脉豪商务信息咨询有限公司,10k-20k,上海,150-500人,1-3年,大专,"移动互联网,企业服务",2018-03-13
9,服务器开发（Node.js),竞技世界（北京）网络技术有限公司,15k-30k,北京,500-2000人,5-10年,本科,"移动互联网,游戏",2018-03-13
10,Node.js全栈工程师,上海新证财经信息咨询有限公司,15k-25k,北京,50-150人,3-5年,不限,"金融,移动互联网",2018-03-12
11,Node.js（简道云产品后台开发）,南京帆软软件有限公司,10k-15k,无锡,500-2000人,不限,本科,数据服务,2018-03-13
12,Node.js开发工程师,精硕科技（北京）股份有限公司,15k-25k,北京,500-2000人,3-5年,本科,数据服务,2018-03-12
13,Cocos2d-JS程序开发（,湖南草花互动网络科技有限公司,10k-20k,长沙,150-500人,1-3年,本科,"移动互联网,游戏",2018-03-12
14,Node.js开发工程师,深圳市大东车慧科技股份有限公司,20k-30k,北京,50-150人,3-5年,大专,"移动互联网,数据服务",2018-03-13
0,Node.js工程师,上海彩亿信息技术有限公司,15k-25k,上海,500-2000人,3-5年,本科,"移动互联网,金融",2018-03-12
1,高级Node.js开发工程师,广州市悄悄科技有限公司,20k-30k,广州,50-150人,3-5年,本科,"移动互联网,社交网络",2018-03-13
2,Node.js高级开发工程师,深圳市赢时胜信息技术股份有限公司,18k-25k,北京,500-2000人,1-3年,本科,金融,2018-03-13
3,Node.js 工程师,武汉初心科技有限公司,15k-25k,武汉,50-150人,3-5年,本科,移动互联网,2018-03-12
4,Node.js工程师,北京修齐治平科技有限公司,15k-25k,北京,500-2000人,1-3年,本科,"教育,数据服务",2018-03-12
5,Node.js开发,浙江聚有财金融服务外包有限公司,8k-16k,杭州,150-500人,1-3年,大专,金融,2018-03-13
6,node.js开发工程师,一点网聚科技有限公司,10k-20k,北京,500-2000人,1-3年,本科,移动互联网,2018-03-13
7,Node.js 高级研发工程师,亿微征信服务有限公司,15k-30k,上海,50-150人,1-3年,本科,金融,2018-03-12
8,资深node.js开发工程师,杭州火球科技有限公司,15k-25k,杭州,150-500人,3-5年,本科,"移动互联网,电子商务",2018-03-13
9,Node.js研发工程师,北京蓝城兄弟信息技术有限公司,15k-25k,北京,150-500人,3-5年,本科,"移动互联网,社交网络",2018-03-13
10,Node.js 开发工程师,成都校精灵科技有限公司,10k-20k,成都,15-50人,1年以下,本科,"企业服务,教育",2018-03-13
11,Node.js工程师,上海翼多信息咨询有限公司,15k-25k,上海,150-500人,1-3年,大专,"医疗健康,广告营销",2018-03-13
12,高级Node.js开发工程师-,网易（杭州）有限公司,15k-25k,杭州,2000人以上,3-5年,本科,"电子商务,移动互联网",2018-03-12
13,Node.js 技术专家-P7-平台数据技术事业群,支付宝(杭州)信息技术有限公司,25k-50k,杭州,2000人以上,3-5年,本科,"金融,移动互联网",2018-03-13
14,Node.js开发,深圳迈科创新科技有限公司,15k-25k,深圳,50-150人,3-5年,本科,"移动互联网,广告营销",2018-03-13
0,node.js开发,上海彩亿信息技术有限公司,12k-24k,上海,500-2000人,3-5年,本科,"移动互联网,金融",2018-03-12
1,Node.js开发工程师,星汉（广州）科技有限公司,8k-15k,广州,15-50人,1-3年,本科,"移动互联网,游戏",2018-03-12
2,Node.js后端开发工程师,深圳市大头兄弟文化传播有限公司,10k-20k,深圳,15-50人,不限,大专,"移动互联网,文化娱乐",2018-03-12
3,急聘-Node.js工程师,北京数联众创科技有限公司,20k-35k,北京,15-50人,5-10年,本科,移动互联网,2018-03-13
4,react.js前端开发工程师,上海泛微网络科技股份有限公司,10k-20k,上海,2000人以上,3-5年,本科,"移动互联网,企业服务",2018-03-13
5,Node.js,北京科维睿创科技有限公司,15k-30k,北京,15-50人,3-5年,不限,"数据服务,移动互联网",2018-03-13
6,Node.js开发,北京修齐治平科技有限公司,25k-35k,北京,500-2000人,3-5年,本科,"教育,数据服务",2018-03-12
7,Node.js开发工程师,玩心（上海）网络科技有限公司,12k-20k,北京,50-150人,3-5年,本科,"移动互联网,游戏",2018-03-12
8,Cocos2d-JS研发工程师,深圳市美知互动科技有限公司,10k-18k,深圳,15-50人,1-3年,本科,"文化娱乐,电子商务",2018-02-24
9,node.js开发工程师,北京海赚网络科技有限公司,8k-15k,广州,15-50人,1-3年,大专,移动互联网,2018-03-13
10,中级Node.js开发工程师,上海优刻得信息科技有限公司,15k-25k,上海,500-2000人,3-5年,本科,"数据服务,企业服务",2018-03-12
11,Node.js开发工程师,欣广视科技（北京）有限公司,15k-20k,北京,15-50人,3-5年,本科,"移动互联网,数据服务",2018-03-12
12,Node.js 后端开发工程师,武汉悦然心动网络科技有限公司,10k-20k,武汉,50-150人,1-3年,本科,"移动互联网,社交网络",2018-03-12
13,node.js,厦门玩美网络科技有限公司,8k-15k,厦门,15-50人,1-3年,大专,"游戏,移动互联网",2018-03-09
14,Node.js开发工程师,深圳市大东车慧科技股份有限公司,20k-30k,杭州,50-150人,3-5年,大专,"移动互联网,数据服务",2018-03-13
0,Node.js后台开发工程师,F克科技有限公司,20k-30k,深圳,50-150人,3-5年,本科,移动互联网、电子商务,2018-03-13
1,node.js,芋头科技（杭州）有限公司,15k-25k,杭州,150-500人,3-5年,本科,"电子商务,移动互联网",2018-03-12
2,高级Node.js后端研发工程师,广州图普网络科技有限公司,20k-30k,广州,50-150人,5-10年,本科,"移动互联网,数据服务",2018-03-12
3,服务器开发（Node.js）,浙江冰峰科技有限公司,15k-25k,杭州,50-150人,1-3年,大专,游戏,2018-03-13
4,Node.js研发工程师,伙伴聚力（北京）科技有限公司,15k-30k,北京,50-150人,3-5年,本科,企业服务,2018-03-13
5,高级Node.js开发工程师,上海优刻得信息科技有限公司,25k-35k,上海,500-2000人,5-10年,本科,"数据服务,企业服务",2018-03-12
6,Node.js工程师（成都）,北京容联七陌科技有限公司,20k-35k,成都,150-500人,3-5年,本科,移动互联网,2018-03-13
7,Node.js 后端工程师职位,WalktheChat,15k-28k,北京,少于15人,3-5年,本科,移动互联网,2018-03-12
8,资深Node.js开发工程师,深圳市大东车慧科技股份有限公司,20k-30k,深圳,50-150人,3-5年,大专,"移动互联网,数据服务",2018-03-13
9,node.js开发,北京多贝兄弟信息技术有限公司,15k-25k,北京,50-150人,1-3年,本科,教育,2018-03-12
10,Node.js开发工程师,广东修炼科技股份有限公司,9k-16k,广州,50-150人,1-3年,大专,移动互联网,2018-03-12
11,Node.js开发工程师&nbsp;,广州市悄悄科技有限公司,15k-25k,广州,50-150人,3-5年,本科,"移动互联网,社交网络",2018-03-13
12,Node.js开发工程师-DNJS0006,北京多牛互动传媒股份有限公司,10k-15k,北京,150-500人,3-5年,本科,文化娱乐,2018-02-24
13,Node.js开发工程师,一点网聚科技有限公司,15k-30k,北京,500-2000人,3-5年,本科,移动互联网,2018-03-13
14,Node.js研发工程师,上海弘连网络科技有限公司,9k-18k,上海,50-150人,1-3年,本科,数据服务,2018-03-13
0,初级Node.js开发工程师,上海优刻得信息科技有限公司,15k-25k,上海,500-2000人,1-3年,本科,"数据服务,企业服务",2018-03-12
1,资深Node.js开发工程师,深圳市大东车慧科技股份有限公司,20k-30k,深圳,50-150人,3-5年,大专,"移动互联网,数据服务",2018-03-13
2,node.js开发工程师,美通云动（北京）科技有限公司,18k-25k,北京,150-500人,3-5年,本科,"移动互联网,电子商务",2018-03-13
3,cocos2d-js工程师,深圳市种鱼科技有限公司,13k-25k,深圳,15-50人,3-5年,本科,游戏,2018-03-01
4,Node.js开发工程师,上海店达信息技术有限公司,13k-20k,上海,500-2000人,1-3年,本科,"电子商务,O2O",2018-03-13
5,Node.js研发工程师,北京众享比特科技有限公司,20k-25k,北京,15-50人,3-5年,本科,移动互联网,2018-03-12
6,Node.js 工程师-北京,武汉初心科技有限公司,20k-40k,北京,50-150人,3-5年,本科,移动互联网,2018-03-06
7,Node.js 工程师,北京佳格天地科技有限公司,15k-30k,上海,50-150人,3-5年,不限,"移动互联网,数据服务",2018-03-13
8,Node.js工程师,北京容联七陌科技有限公司,20k-30k,北京,150-500人,1-3年,本科,移动互联网,2018-03-13
9,Node.js工程师,山东丽波电子科技有限公司,18k-28k,北京,15-50人,1-3年,本科,电子商务,2018-03-13
10,Node.js工程师,北京水木智娱科技有限公司,10k-20k,北京,50-150人,1-3年,本科,游戏,2018-03-13
11,Node.js工程师,深圳格莱珉文化传播有限公司广州分公司,8k-16k,广州,50-150人,1-3年,本科,"企业服务,移动互联网",2018-03-12
12,Node.js开发,广州图普网络科技有限公司,7k-14k,广州,50-150人,1-3年,本科,"移动互联网,数据服务",2018-03-12
13,Node.js 高级软件工程师,苏州提点信息科技有限公司,8k-15k,苏州,15-50人,不限,不限,"移动互联网,数据服务",2018-03-07
14,node.js工程师,江苏太湖云计算信息技术股份有限公司,10k-18k,广州,150-500人,1-3年,大专,电子商务,2018-03-13
0,资深Node.js开发工程师,上海优刻得信息科技有限公司,25k-35k,上海,500-2000人,5-10年,本科,"数据服务,企业服务",2018-03-12
1,全栈工程师（Node.js）,北京蓝城兄弟信息技术有限公司,20k-40k,北京,150-500人,3-5年,本科,"移动互联网,社交网络",2018-03-13
2,node.js开发工程师,一点网聚科技有限公司,10k-20k,北京,500-2000人,1-3年,本科,移动互联网,2018-03-13
3,Node.js工程师,北京所思信息科技有限责任公司,10k-17k,北京,15-50人,3-5年,本科,移动互联网,2018-02-23
4,Node.js开发工程师,北京火舞科技有限公司,10k-20k,北京,15-50人,1-3年,大专,游戏,2018-03-12
5,Node.js开发工程师,深圳前海佛罗米科技有限公司,15k-30k,深圳,150-500人,1-3年,本科,"社交网络,金融",2018-03-13
6,Node.js高级工程师,深圳市加推科技有限公司,25k-35k,深圳,50-150人,5-10年,本科,"移动互联网,企业服务",2018-03-12
7,Node js. 后端开发工程师,北京蜘蛛工社移动科技有限公司,15k-20k,北京,15-50人,1-3年,不限,"移动互联网,社交网络",2018-03-12
8,Node.js开发工程师,丹尼尔惠灵顿贸易（深圳）有限公司,10k-20k,深圳,150-500人,3-5年,本科,电子商务,2018-03-08
9,Node.JS 后台开发工程师,信必优(深圳)信息技术有限公司,12k-18k,深圳,2000人以上,不限,大专,"移动互联网,电子商务",2018-03-13
10,Node.js程序员,深圳市环球易购电子商务有限公司,10k-20k,深圳,2000人以上,1-3年,大专,电子商务,2018-03-13
11,Node.js 开发工程师,支付宝(杭州)信息技术有限公司,20k-40k,杭州,2000人以上,1-3年,本科,"金融,移动互联网",2018-03-08
12,Node.js开发工程师,精硕科技（北京）股份有限公司,20k-30k,北京,500-2000人,3-5年,本科,数据服务,2018-03-12
13,程序员（Node.js）,福建网龙计算机网络信息技术有限公司,10k-15k,福州,2000人以上,3-5年,本科,"移动互联网,教育",2018-02-23
14,Node.js 工程师,北京多贝兄弟信息技术有限公司,10k-20k,北京,50-150人,1-3年,本科,教育,2018-03-13
0,Node.js开发工程师,一点网聚科技有限公司,15k-30k,北京,500-2000人,1-3年,本科,移动互联网,2018-03-13
1,Node.js工程师,北京华夏亨元科技有限公司,15k-30k,北京,15-50人,3-5年,本科,"企业服务,数据服务",2018-03-10
2,React.JS前端开发工程师,磐卓（成都）信息科技有限公司,12k-16k,成都,50-150人,3-5年,本科,"移动互联网,数据服务",2018-03-13
3,服务器开发工程师（精通Node.js）,河北源达证券投资顾问股份有限公司,25k-40k,北京,500-2000人,3-5年,本科,其他,2018-03-05
4,服务端开发工程师（node.js）,武汉佰钧成技术有限责任公司,10k-20k,杭州,2000人以上,不限,大专,移动互联网,2018-03-01
5,Node.js/Html5前端开发工程师（广州）,珠海凡泰极客科技有限责任公司,15k-30k,广州,50-150人,1-3年,本科,"金融,社交网络",2018-03-13
6,Node.js开发工程师,北京优澜科技有限公司,20k-30k,北京,15-50人,3-5年,大专,移动互联网,2018-03-12
7,高级Node.js开发工程师,北京升哲科技有限公司,15k-30k,北京,50-150人,5-10年,本科,"移动互联网,硬件",2018-03-01
8,Node.js 开发工程师,深圳市一花科技有限公司,10k-15k,深圳,50-150人,1-3年,大专,游戏,2018-03-13
9,Node.js开发工程师,北京乐酷达网络科技有限公司,15k-30k,北京,150-500人,3-5年,本科,"移动互联网,金融",2018-03-12
10,Node.js工程师,深圳金汇财富金融服务有限公司北京研发分公司,8k-15k,北京,15-50人,1-3年,本科,"移动互联网,金融",2018-03-12
11,Node.js (组长) 高全栈工程师,AFTERSHIP LIMITED,25k-50k,深圳,15-50人,3-5年,本科,"电子商务,企业服务",2018-03-02
12,Node.js全栈开发高级工程师,久康云健康科技股份有限公司,15k-25k,南京,150-500人,1-3年,本科,"移动互联网,医疗健康",2018-03-12
13,node.js开发,上海海万信息科技股份有限公司,10k-20k,深圳,500-2000人,3-5年,大专,"移动互联网,金融",2018-03-13
14,高级node.js工程师,杭州火球科技有限公司,15k-20k,杭州,150-500人,1-3年,本科,"移动互联网,电子商务",2018-03-13
0,Node.js,凤凰飞扬（北京）新媒体信息技术有限公司,15k-25k,北京,2000人以上,不限,本科,移动互联网,2018-03-12
1,Node.js工程师,上海怡新信息技术有限公司,8k-15k,上海,15-50人,1-3年,本科,"移动互联网,数据服务",2018-03-06
2,Node.js服务器主程,北京棋开德胜科技有限公司,20k-35k,北京,150-500人,5-10年,本科,"移动互联网,游戏",2018-03-13
3,node.js全栈工程师,北京频果市场营销策划有限公司,15k-30k,北京,15-50人,3-5年,本科,"移动互联网,电子商务",2018-03-13
4,资深后端Node.js工程师,深圳市引导美电子商务有限公司,15k-25k,深圳,150-500人,5-10年,本科,"移动互联网,电子商务",2018-03-06
5,Node.js后端工程师,厦门与梦信息技术有限公司,6k-12k,厦门,15-50人,1-3年,大专,移动互联网,2018-02-27
6,node.js开发工程师,上海启友网络科技有限公司,8k-16k,上海,15-50人,不限,不限,移动互联网、金融,2018-03-13
7,高级Node.js后端开发工程师（可全栈）,北京智明星通软件科技有限公司,20k-25k,北京,500-2000人,3-5年,本科,"移动互联网,游戏",2018-03-06
8,Node.js高级工程师,郑州脉冲软件科技有限公司,5k-10k,郑州,15-50人,3-5年,不限,"移动互联网,企业服务",2018-03-13
9,Node.js开发工程师,上海拿米金融信息服务有限公司,15k-25k,上海,150-500人,3-5年,大专,"移动互联网,金融",2018-03-12
10,Node.js服务器开发,北京无界光合科技有限公司,25k-50k,北京,15-50人,5-10年,本科,"社交网络,游戏",2018-03-12
11,node.js 开发工程师（物联网方向）,北京农信互联科技有限公司,8k-15k,厦门,500-2000人,1-3年,本科,移动互联网,2018-03-13
12,React.js 开发工程师,广州诺德信息技术有限公司,6k-10k,广州,少于15人,1-3年,本科,"企业服务,移动互联网",2018-03-12
13,资深node.js开发工程师,海顺证券投资咨询有限公司上海分公司,9k-13k,上海,2000人以上,1-3年,不限,金融,2018-03-12
14,Nede.js工程师,神州数码河北信息服务有限公司北京分公司,15k-25k,北京,15-50人,1年以下,本科,"移动互联网,O2O",2018-03-12
0,Web前端（React.js）研发工程师,悦视光合科技（北京）有限公司,8k-16k,深圳,15-50人,1-3年,本科,"移动互联网,企业服务",2018-03-12
1,Node.js工程师,北京井立通科技有限公司,12k-18k,北京,50-150人,3-5年,本科,"移动互联网,数据服务",2018-03-04
2,node.js开发 （后端开发方向）,浙江亿咖通科技有限公司,12k-20k,杭州,500-2000人,3-5年,本科,"移动互联网,硬件",2018-03-01
3,Node.js开发工程师(游戏后端),健奔奥体育产业（武汉）有限公司,8k-10k,武汉,15-50人,1-3年,大专,"移动互联网,电子商务",2018-03-10
4,Node.js开发工程师,浙江每日互动网络科技股份有限公司,12k-20k,杭州,150-500人,1-3年,本科,移动互联网,2018-02-28
5,Node.js后端开发工程师,天舍（上海）文化传媒有限公司,10k-13k,上海,15-50人,1-3年,本科,"O2O,游戏",2018-03-12
6,Node.js 开发工程师／实习生,汇研（深圳）信息科技有限公司,4K-6K,深圳,少于15人,不限,大专,"移动互联网,企业服务",2018-03-13
7,node.js,浙江呼啦网络科技有限公司,10k-15k,杭州,50-150人,1-3年,本科,"移动互联网,社交网络",2018-03-12
8,Node.js工程师,北京爱特曼科技有限公司,16k-32k,北京,15-50人,不限,不限,"移动互联网,数据服务",2018-03-12
9,资深前端工程师（Vue.js）,北京云联万维技术有限公司,30K-40K,北京,15-50人,3-5年,不限,"移动互联网,数据服务",2018-03-06
10,Node.js开发,麦曼（上海）企业管理咨询有限公司,10k-15k,上海,150-500人,1-3年,大专,O2O,2018-03-12
11,Node.js后端,大连聚益科技发展有限公司,8k-16k,大连,15-50人,1-3年,本科,"移动互联网,数据服务",2018-03-12
12,Node.JS开发 (Java and .Net background),普华永道信息技术（上海）有限公司,12k-24k,上海,500-2000人,3-5年,本科,"移动互联网,金融",2018-03-13
13,Node.JS开发工程师,上海元聚网络科技有限公司,20k-30k,上海,150-500人,1-3年,不限,移动互联网,2018-03-13
14,Node.js软件开发工程师,深圳市博悦科创科技有限公司,8k-12k,深圳,500-2000人,1-3年,大专,移动互联网,2018-03-12
0,Node.js,浙江每日互动网络科技股份有限公司,12k-20k,杭州,150-500人,3-5年,本科,移动互联网,2018-02-28
1,Node.js 服务端高级工程师,南京大翼航空科技有限公司,15k-30k,南京,15-50人,1-3年,不限,其他,2018-02-27
2,Node.js开发,大连市世纪鲲鹏科技有限公司,9k-18k,大连,150-500人,不限,本科,移动互联网,2018-02-24
3,js-前端高级工程师,北京寻宝天行网络技术有限公司,15k-30k,北京,50-150人,3-5年,不限,电子商务,2018-03-13
4,Node.js工程师,上海若灵软件技术有限公司,20k-35k,上海,50-150人,5-10年,大专,"金融,移动互联网",2018-03-13
5,Node.js,北京海克智动科技开发有限公司,10k-15k,北京,15-50人,1-3年,大专,"移动互联网,硬件",2018-03-12
6,Node.js 工程师,北京星核软件有限公司,6k-12k,哈尔滨,少于15人,1-3年,不限,"企业服务,移动互联网",2018-02-22
7,node.js开发工程师,成都游技网络科技有限公司,8k-15k,成都,50-150人,1-3年,大专,"移动互联网,企业服务",2018-03-10
8,高级Node.js工程师 (全栈),上海怡新信息技术有限公司,12k-24k,上海,15-50人,3-5年,本科,"移动互联网,数据服务",2018-03-06
9,node.js开发工程师,北京爱和健康科技有限公司,13k-25k,北京,150-500人,1-3年,本科,"移动互联网,医疗健康",2018-03-02
10,Node.js开发工程师,美味不用等（上海）信息科技股份有限公司,12k-20k,上海,500-2000人,3-5年,本科,"移动互联网,O2O",2018-03-05
11,Node.js 后台开发工程师,恒爱高科（北京）科技有限公司,10k-20k,北京,15-50人,1-3年,本科,"医疗健康,硬件",2018-03-13
12,Node.js开发工程师,天津嘉游信息技术有限公司,6k-9k,天津,15-50人,1-3年,本科,"移动互联网,游戏",2018-03-12
13,高级Node.js/JAVA开发工程师,北京简单科技有限公司,15k-30k,北京,150-500人,3-5年,本科,"移动互联网,教育",2018-03-12
14,Node.js 工程师,"Striking.ly, Inc.",15k-30k,上海,150-500人,不限,不限,移动互联网,2018-03-08
0,Node.js开发工程师,浙江每日互动网络科技股份有限公司,10k-20k,杭州,150-500人,1-3年,本科,移动互联网,2018-02-28
1,node.js,上海链昱能源科技有限公司,10k-13k,上海,15-50人,不限,本科,"金融,硬件",2018-03-13
2,Node.js 程序猿,江苏兆米信息技术有限公司,8k-16k,南京,15-50人,1-3年,不限,"移动互联网,企业服务",2018-03-12
3,React.js开发工程师,重庆云车流科技有限公司,5K-10K,重庆,50-150人,1-3年,不限,电子商务 O2O,2018-03-09
4,Node.js全栈工程师,百度在线网络技术（北京）有限公司,15k-30k,北京,2000人以上,3-5年,本科,"移动互联网,数据服务",2018-03-07
5,Node.js游戏开发高级工程师,行云智网络科技（北京）有限公司,20k-35k,北京,150-500人,5-10年,本科,"移动互联网,社交网络",2018-03-05
6,Node.js开发工程师,精硕科技（北京）股份有限公司,15k-30k,北京,500-2000人,1-3年,本科,数据服务,2018-03-12
7,高级 Node.js 开发工程师,青岛国泰思科数码技术有限公司,15k-25k,青岛,50-150人,1-3年,大专,"移动互联网,电子商务",2018-03-12
8,Node.JS高级研发工程师,北京棋开德胜科技有限公司,25k-50k,北京,150-500人,5-10年,本科,"移动互联网,游戏",2018-03-13
9,Node.js 全栈开发,南京应酷文化传播有限公司,8k-16k,南京,少于15人,1-3年,不限,"移动互联网,企业服务",2018-03-07
10,前端&amp;Node.js工程师,北京非凡维格科技有限公司,20k-40k,北京,50-150人,3-5年,本科,旅游,2018-03-13
11,Node.js全栈开发工程师,上海掌小门教育科技有限公司,10k-20k,上海,500-2000人,3-5年,本科,"移动互联网,教育",2018-03-05
12,初级Node.js工程师,上海若灵软件技术有限公司,15k-25k,上海,50-150人,3-5年,大专,"金融,移动互联网",2018-03-13
13,node.js开发工程师,北京衣二三网络科技有限公司,20k-35k,北京,150-500人,3-5年,本科,"移动互联网,电子商务",2018-03-13
14,Node.js开发工程师,浙江亿咖通科技有限公司,15k-25k,杭州,500-2000人,3-5年,本科,"移动互联网,硬件",2018-03-01
0,Node.js后端开发工程师,上海卓赞信息技术有限公司,10k-15k,上海,500-2000人,1-3年,大专,教育,2018-02-26
1,Node.js开发工程师,晴云科技有限公司,30k-60k,北京,15-50人,不限,本科,"移动互联网,企业服务",2018-03-12
2,Node.js开发工程师,北京棋开德胜科技有限公司,18k-30k,北京,150-500人,3-5年,本科,"移动互联网,游戏",2018-03-13
3,高级Node.js开发工程师-SH6403,上海点融信息科技有限责任公司,18k-30k,上海,500-2000人,3-5年,本科,金融,2018-03-13
4,后端开发工程师（Node.js）,东峡大通（北京）管理咨询有限公司,20k-40k,北京,2000人以上,3-5年,本科,移动互联网,2018-03-07
5,node.js开发工程师,美味不用等（上海）信息科技股份有限公司,12k-24k,上海,500-2000人,1-3年,本科,"移动互联网,O2O",2018-03-05
6,Node.js工程师,嘉兴乌镇汉佳科技有限公司,6k-10k,嘉兴,15-50人,不限,大专,"企业服务,移动互联网",2018-03-05
7,Node.js后端开发工程师,琢品网络科技（上海）有限公司,18k-28k,上海,15-50人,3-5年,本科,移动互联网,2018-03-13
8,Node.JS后台开发工程师,深圳市创客工场科技有限公司,15k-25k,深圳,150-500人,1-3年,本科,硬件,2018-03-06
9,Node.js Web前端开发工程师,美科科技（北京）有限公司,18k-30k,北京,50-150人,3-5年,本科,硬件,2018-03-01
10,Node.js开发程序员PHP软件开发工程师,深圳市新微云科技有限公司,5k-10k,佛山,少于15人,1-3年,不限,企业服务,2018-03-07
11,Node.js开发工程师,青岛雨诺网络信息股份有限公司,10k-18k,成都,50-150人,3-5年,本科,"移动互联网,企业服务",2018-02-22
12,node.js开发工程师,广州炫米信息科技有限公司,8k-11k,广州,15-50人,1-3年,本科,"移动互联网,企业服务",2018-03-12
13,Node.js,深圳点猫科技有限公司,12k-24k,深圳,150-500人,1-3年,本科,"移动互联网,教育",2018-03-13
14,Web 应用开发工程师/Node.js 开发工程师,青岛国泰思科数码技术有限公司,10k-20k,青岛,50-150人,1-3年,大专,"移动互联网,电子商务",2018-03-12
0,node.js工程师,上海卓赞信息技术有限公司,12k-24k,上海,500-2000人,1-3年,本科,教育,2018-02-26
1,Node.Js开发工程师,江苏海岸线互联网科技有限公司,9k-18k,苏州,15-50人,3-5年,本科,移动互联网,2018-03-09
2,高级后台开发工程师（Node.js方向）,深圳矽递科技股份有限公司,18k-22k,深圳,150-500人,3-5年,本科,"移动互联网,硬件",2018-03-12
3,node.js手游服务器开发工程师,江苏弘宝网络科技有限公司,8k-15k,无锡,15-50人,1-3年,大专,"游戏,移动互联网",2018-03-06
4,node.js开发工程师,美味不用等（上海）信息科技股份有限公司,10k-20k,上海,500-2000人,1-3年,本科,"移动互联网,O2O",2018-03-05
5,Node.js游戏服务器开发,上海鹿扬网络科技有限公司,9k-18k,上海,15-50人,1-3年,本科,游戏,2018-03-12
6,Node.js开发工程师,上海拿米金融信息服务有限公司,15k-25k,上海,150-500人,3-5年,大专,"移动互联网,金融",2018-03-13
7,Node.js,上海硬咖网络科技有限公司,18k-36k,上海,少于15人,不限,不限,"数据服务,其他",2018-03-12
8,Node.js后端工程师,杭州纳舍科技有限公司,6k-12k,杭州,少于15人,1-3年,本科,"企业服务,数据服务",2018-03-06
9,Web前端工程师（Vue.js）,北京灵犀联云科技有限公司,14k-22k,北京,50-150人,1-3年,本科,"企业服务,数据服务",2018-03-13
10,React.js/ReactNative开发工程师,广州齐昌网络科技有限公司,6k-12k,广州,15-50人,1年以下,大专,企业服务,2018-03-10
11,Node.js 工程师,上海殷扬能源科技有限公司,15k-25k,上海,少于15人,3-5年,本科,其他,2018-02-26
12,three.js工程师,深圳市三亿博士科技有限公司,6K-12K,深圳,少于15人,不限,本科,企业服务,2018-02-23
13,Node.js开发工程师,深圳拇指部落科技有限公司,10k-15k,广州,15-50人,1-3年,大专,"移动互联网,游戏",2018-03-13
14,Node.js,WIT Global Trading Limited,15k-25k,上海,15-50人,1-3年,大专,移动互联网,2018-03-13
0,node.JS开发工程师,北京佳链科技有限公司,10k-20k,北京,50-150人,3-5年,大专,移动互联网,2018-03-09
1,Node.js开发工程师,上海童迹科技有限公司,15k-20k,上海,15-50人,3-5年,大专,"移动互联网,教育",2018-03-12
2,Node.js 软件工程师 开发,上海岚智网络科技有限公司,7k-14k,上海,15-50人,1-3年,本科,"移动互联网,电子商务",2018-03-12
3,node.js高级工程师,爱贝睿（北京）科技有限公司,15k-25k,北京,15-50人,3-5年,本科,教育,2018-03-12
4,Node.js,厦门大招科技有限公司,6k-12k,厦门,15-50人,1-3年,本科,"移动互联网,企业服务",2018-02-25
5,Node.js,广州千D科技有限公司,4k-8k,广州,50-150人,不限,不限,"硬件,移动互联网",2018-03-11
6,Node.js后台开发,荣浪信息科技（上海）有限公司,12k-16k,上海,50-150人,1-3年,大专,"移动互联网,O2O",2018-03-06
7,ext.js前端开发工程师-北京-00007,凯美瑞德（苏州）信息科技股份有限公司,10k-20k,北京,150-500人,3-5年,本科,金融,2018-03-05
8,资深服务器开发工程师（Node.js）,上海纵游网络技术有限公司,17k-28k,上海,150-500人,3-5年,本科,"移动互联网,游戏",2018-03-13
9,WEB前端开发工程师（HTML+CSS+JS),杭州大名软件有限公司,10k-15k,杭州,50-150人,3-5年,本科,"电子商务,企业服务",2018-03-12
10,Node.js开发工程师,北京天机数测数据科技有限公司,15k-25k,北京,50-150人,3-5年,本科,"移动互联网,数据服务",2018-03-07
11,Node.js架构师/高级工程师,深圳市美分钟科技有限公司,15k-25k,深圳,50-150人,3-5年,本科,"O2O,移动互联网",2018-03-13
12,Node.js（后端）,北京静帆科技有限公司,20k-40k,北京,50-150人,1-3年,本科,"移动互联网,金融",2018-03-08
13,Node.js开发工程师,北京大圣互动科技有限公司,12k-24k,北京,15-50人,1-3年,本科,"移动互联网,文化娱乐",2018-03-13
14,Node.js研发工程师,杭州花信信息科技有限公司,15k-25k,杭州,少于15人,3-5年,不限,"金融,移动互联网",2018-03-09
0,Node.js 后端工程师,广州穗联信息科技有限公司,15k-18k,广州,50-150人,1-3年,本科,"企业服务,数据服务",2018-03-11
1,高级Node.js服务器研发工程师,石油工业出版社有限公司,16k-32k,北京,150-500人,不限,本科,"文化娱乐,企业服务",2018-03-11
2,Node.js 游戏服务器工程师,三六九全球（北京）网络有限公司,23K-40K,北京,50-150人,3-5年,大专,游戏,2018-03-10
3,Node.js开发工程师,上海多棱镜网络科技有限公司,9k-18k,上海,15-50人,3-5年,本科,"移动互联网,文化娱乐",2018-03-06
4,NODE.JS游戏服务器开发,广州优视电子有限责任公司,12K-24K,广州,15-50人,1-3年,大专,"移动互联网,游戏",2018-03-06
5,CocosCreator（Cocos2d-js）工程师,深圳市悦用科技有限公司,12K-18K,深圳,少于15人,3-5年,不限,游戏,2018-03-02
6,Node.js工程师（大前端部）,拉扎斯网络科技（上海）有限公司,15k-25k,上海,2000人以上,不限,本科,移动互联网,2018-03-06
7,Node.js实习生,上海亮金信息技术有限公司,3k-5k,上海,少于15人,不限,本科,"移动互联网,硬件",2018-03-02
8,服务端开发工程师(Node.js),武汉奇葩互动娱乐有限公司,10k-20k,武汉,15-50人,1-3年,本科,"游戏,文化娱乐",2018-03-12
9,Node.js后端开发工程师,浙江蚁加科技有限公司,15k-25k,杭州,15-50人,不限,不限,O2O,2018-03-12
10,Node.js,南京安唐信息科技有限公司,8k-15k,南京,15-50人,1-3年,不限,"移动互联网,数据服务",2018-02-24
11,Node.js开发工程师,广州一一科技有限公司,10k-15k,广州,15-50人,1-3年,不限,"移动互联网,企业服务",2018-03-09
12,Web前端工程师（Vue.js）,杭州兰亮网络科技有限公司,10k-20k,杭州,50-150人,3-5年,本科,"电子商务,金融",2018-03-13
13,后端工程师（Node.js方向）,上海即果信息技术有限公司,15k-25k,上海,50-150人,1-3年,本科,移动互联网,2018-03-08
14,Node.js开发工程师,上海心灵伙伴云计算信息技术有限公司,15k-25k,上海,150-500人,3-5年,本科,教育,2018-03-08
0,Node.js/TypeScript高级研发工程师,石油工业出版社有限公司,16k-32k,北京,150-500人,1-3年,本科,"文化娱乐,企业服务",2018-03-11
1,后端工程师（Node.js方向）,上海即果信息技术有限公司,15k-25k,上海,50-150人,1-3年,本科,移动互联网,2018-03-08
2,Node.js,宜创（北京）科技有限公司,15k-30k,北京,15-50人,3-5年,本科,"移动互联网,企业服务",2018-03-07
3,node.js工程师,炽炎商务咨询（上海）有限公司,15K-25K,上海,15-50人,3-5年,不限,"电子商务,文化娱乐",2018-03-02
4,服务器端开发工程师（Node.js）,浙江齐聚科技有限公司北京分公司,15k-25k,北京,150-500人,3-5年,本科,"移动互联网,游戏",2018-02-27
5,Node.js后端开发工程师,上海爸妈营教育科技有限公司,13k-20k,上海,15-50人,1-3年,本科,"移动互联网,教育",2018-03-13
6,Node.js开发工程师,深圳回收宝科技有限公司,18k-22k,深圳,150-500人,3-5年,本科,"移动互联网,电子商务",2018-03-08
7,Node.js工程师,上海餐加企业管理咨询有限公司,15k-30k,上海,15-50人,1-3年,不限,"企业服务,移动互联网",2018-03-13
8,应用开发工程师（Node.js）,杭州又拍云科技有限公司,10k-20k,杭州,150-500人,1-3年,不限,生活服务,2018-03-12
9,服务端node.js开发,上海嘉灵科技有限公司,15k-25k,上海,50-150人,3-5年,本科,"电子商务,游戏",2018-03-04
10,Node.js后端开发工程师,上海硬咖网络科技有限公司,16k-32k,上海,少于15人,不限,不限,"数据服务,其他",2018-03-12
11,Node.js后台开发高级工程师,奇异牛科技（深圳）有限公司,18k-35k,深圳,15-50人,1-3年,本科,"O2O,移动互联网",2018-03-12
12,Node.js开发工程师,上海心灵伙伴览育信息技术有限公司,15k-25k,上海,150-500人,3-5年,本科,"移动互联网,教育",2018-03-08
13,Node.js 后端工程师,上海执楠信息科技有限公司,10k-20k,上海,15-50人,不限,本科,"企业服务,数据服务",2018-03-05
14,Node.js,上海灵兮信息科技有限公司,7k-14k,上海,15-50人,1-3年,本科,"移动互联网,企业服务",2018-03-08
0,初级node.js工程师,炽炎商务咨询（上海）有限公司,6K-12K,上海,15-50人,1-3年,不限,"电子商务,文化娱乐",2018-03-02
1,node.js高级开发工程师,深圳市兰拓科技发展有限公司,17k-22k,深圳,15-50人,3-5年,本科,"移动互联网,电子商务",2018-03-04
2,Node.js开发工程师,深圳市惠点网络科技有限公司,13k-25k,深圳,150-500人,3-5年,大专,"移动互联网,电子商务",2018-03-13
3,node.js开发工程师,广州卖家宝信息技术咨询有限公司,9k-15k,广州,150-500人,3-5年,大专,电子商务,2018-03-12
4,Node.js开发工程师,深圳市盛阳科技有限公司,15k-25k,深圳,150-500人,5-10年,本科,移动互联网,2018-03-12
5,node.js游戏程序员,上海光时信息技术有限公司,4k-6k,上海,15-50人,不限,大专,游戏,2018-03-05
6,Node.js高级研发工程师,杭州口碑电子商务有限公司,25k-50k,杭州,15-50人,3-5年,不限,"移动互联网,电子商务",2018-03-02
7,Angular2 &amp; Vue.js 前端工程师,WalktheChat,15k-28k,北京,少于15人,3-5年,本科,移动互联网,2018-03-05
8,node.js,北京花花草草科技有限公司,20k-30k,北京,50-150人,3-5年,大专,硬件,2018-02-27
9,资深 Node.js 研发工程师,广州微一网络科技有限公司,12k-24k,广州,50-150人,1-3年,不限,"移动互联网,电子商务",2018-03-12
10,云平台Node.js 后端工程师,广州易活生物科技有限公司,10k-15k,广州,50-150人,3-5年,大专,医疗健康,2018-03-08
11,Node.js后端开发工程师,浙江泓源汽车集团有限公司,15k-25k,杭州,150-500人,不限,不限,移动互联网,2018-03-05
12,Node.js 开发工程师,北京知法平台科技有限公司,10k-15k,北京,15-50人,不限,本科,"移动互联网,企业服务",2018-03-05
13,Node.js后端开发工程师,深圳市前海汇流信息科技有限公司,13k-25k,深圳,50-150人,1-3年,本科,移动互联网,2018-03-13
14,Node.js开发工程师,深圳博纳移动信息技术有限公司,10k-15k,深圳,50-150人,1-3年,大专,移动互联网,2018-03-12
0,Node.js初级研发工程师,杭州口碑电子商务有限公司,8k-16k,杭州,15-50人,不限,不限,"移动互联网,电子商务",2018-03-02
1,后台开发工程师（Node.js方向）,深圳矽递科技股份有限公司,16k-22k,深圳,150-500人,1-3年,大专,"移动互联网,硬件",2018-03-12
2,React.js前端工程师,广州知了科技有限公司,9k-15k,广州,15-50人,1-3年,本科,移动互联网,2018-03-05
3,Node.js服务器开发工程师,深圳习习网络科技有限公司,15k-30k,深圳,150-500人,3-5年,大专,"移动互联网,教育",2018-03-13
4,Node.js后端开发,上海杰鸿信息科技有限公司,8k-12k,上海,15-50人,1-3年,大专,"移动互联网,金融",2018-02-22
5,Node.js 后端研发工程师,广州微一网络科技有限公司,9k-18k,广州,50-150人,不限,不限,"移动互联网,电子商务",2018-03-12
6,node.js工程师,杭州兰邻科技有限公司,7k-12k,杭州,50-150人,1年以下,大专,移动互联网,2018-03-10
7,node.js开发工程师,深圳市兰拓科技发展有限公司,13k-18k,深圳,15-50人,1-3年,本科,"移动互联网,电子商务",2018-02-26
8,Node.js开发工程师,上海赏赏科技有限公司,13k-22k,上海,少于15人,3-5年,本科,"金融,分类信息",2018-03-07
9,Vue.js 前端开发工程师,上海车水马龙信息技术有限公司,10k-20k,上海,150-500人,3-5年,不限,O2O,2018-03-12
10,node.js开发工程师,广州扁鸿信息科技有限公司,6k-10k,广州,少于15人,1-3年,本科,"医疗健康,移动互联网",2018-03-12
11,Node.js开发工程师,深圳华制智能制造技术有限公司,10k-20k,深圳,50-150人,不限,大专,企业服务,2018-03-10
12,Node.js后端主管,联众同行健康服务有限公司,25k-40k,北京,50-150人,3-5年,本科,"电子商务,医疗健康",2018-02-26
13,Node.js开发工程师,吉林省利欧海外科技交流有限责任公司,8k-12k,上海,15-50人,1-3年,大专,移动互联网,2018-02-27
14,Node.js服务器,北京星享网络信息技术有限公司,10k-20k,北京,50-150人,1-3年,本科,"社交网络,游戏",2018-02-22
0,Node.js 后端开发工程师,深圳市兰拓科技发展有限公司,10k-17k,深圳,15-50人,1-3年,大专,"移动互联网,电子商务",2018-03-04
1,Node.JS全栈开发工程师,美科科技（北京）有限公司,20k-35k,北京,50-150人,3-5年,本科,硬件,2018-03-01
2,Node.js游戏服务器高级工程师,深圳市悦用科技有限公司,15K-20K,深圳,少于15人,5-10年,不限,游戏,2018-02-27
3,Node.js开发工程师,广东夜站科技开发有限公司,15k-20k,深圳,50-150人,1-3年,本科,"移动互联网,社交网络",2018-02-26
4,Node.js工程师,武汉研众科技有限公司,4k-8k,武汉,少于15人,1-3年,本科,"移动互联网,O2O",2018-03-07
5,Node.Js开发工程师,云联乐牧（北京）信息技术有限公司,10k-20k,北京,15-50人,3-5年,大专,"移动互联网,金融",2018-03-07
6,.net/c#/java/node.js/php,郑州盈和软件技术有限公司,8k-10k,郑州,15-50人,1-3年,本科,"移动互联网,社交网络",2018-02-24
7,Node.js 开发工程师,网飞翔网络科技(深圳)有限公司,8k-15k,深圳,少于15人,3-5年,本科,"移动互联网,电子商务",2018-03-06
8,React.JS前端开发工程师,成都杰华科技有限公司,12k-16k,成都,150-500人,3-5年,本科,数据服务,2018-03-12
9,Node.js 开发工程师,智慕时代科技（成都）有限公司,7k-12k,成都,50-150人,1-3年,本科,移动互联网,2018-02-27
10,全栈工程师，Node.js工程师，WEB前端工程师,上海硅谷计算机科技有限公司,5k-10k,济南,15-50人,1-3年,本科,"数据服务,企业服务",2018-03-01
11,Node.js开发工程师,广州诺特软件开发有限公司,7k-14k,广州,50-150人,3-5年,大专,"电子商务,企业服务",2018-03-06
12,Node.js,上海米哇达信息科技有限公司,6k-12k,上海,15-50人,不限,不限,"硬件,移动互联网",2018-03-06
13,Node.js开发工程师,广州市锐汇软件科技有限公司,5k-8k,广州,少于15人,1-3年,大专,"移动互联网,广告营销",2018-03-05
14,Node.js,情非得已（北京）科技有限公司,20k-30k,北京,15-50人,1-3年,本科,"移动互联网,企业服务",2018-02-26
0,Node.js开发工程师,深圳市沃享科技有限公司,7k-10k,深圳,15-50人,1-3年,大专,移动互联网,2018-02-26
1,Node.js/Web前端工程师,成都英德思启科技有限公司,10k-15k,成都,15-50人,3-5年,不限,"电子商务,企业服务",2018-03-10
2,Node.js开发工程师,铂良乐传媒广告（北京）有限公司,10k-20k,武汉,150-500人,3-5年,本科,"广告营销,移动互联网",2018-02-24
3,node.JS开发工程师,杭州智玩网络有限公司,6k-12k,杭州,50-150人,1-3年,大专,游戏,2018-03-01
4,Node.js区块链开发工程师,北京起因科技有限公司,20k-40k,北京,15-50人,5-10年,本科,医疗健康,2018-02-26
5,node.js工程师（高薪诚聘）,乐聚（深圳）机器人技术有限公司,10k-20k,深圳,50-150人,1-3年,本科,硬件,2018-02-28
6,node.js,巴卡斯科技（北京）有限公司杭州分公司,8k-15k,杭州,15-50人,1-3年,本科,"移动互联网,金融",2018-02-25
7,Node.js开发工程师,广州网嘉创投科技有限公司,7k-14k,广州,15-50人,1-3年,大专,"移动互联网,教育",2018-02-23
8,PHP/Node.js/Python 高级工程师,深圳市智能现实科技有限公司,13k-25k,深圳,15-50人,1-3年,本科,"移动互联网,企业服务",2018-02-22
9,Node.js开发工程师,中金易购黄金珠宝有限公司,15k-25k,深圳,150-500人,3-5年,本科,"移动互联网,金融",2018-03-06
10,Node.js后台开发工程师,成都道格腾科技有限公司,8k-12k,成都,15-50人,1-3年,本科,移动互联网,2018-03-05
11,node.js开发工程师,深圳花旦传媒有限公司,12k-19k,深圳,50-150人,3-5年,大专,移动互联网,2018-03-06
12,Node.js工程师,深源恒际科技有限公司,10k-20k,北京,15-50人,1-3年,本科,"移动互联网,数据服务",2018-03-09
13,资深开发工程师Java/Node.Js,趋势科技(中国)有限公司,15k-25k,南京,2000人以上,5-10年,本科,企业服务,2018-03-02
14,Node.js后台开发中级工程师,广州雨章科技有限公司,8k-12k,广州,少于15人,1-3年,本科,"移动互联网,企业服务",2018-02-28
0,高级Node.JS开发工程师,上海亮金信息技术有限公司,15k-20k,上海,少于15人,1-3年,大专,"移动互联网,硬件",2018-02-28
1,高级Node.js开发工程师,广州启尔智信息科技有限公司,15K-30K,广州,15-50人,3-5年,本科,移动互联网,2018-02-22
2,Node.js中级研发工程师,杭州口碑电子商务有限公司,13k-26k,杭州,15-50人,1-3年,不限,"移动互联网,电子商务",2018-03-02
3,Node.js开发工程师,深圳市汉富商贸有限公司,5k-10k,深圳,15-50人,1-3年,大专,电子商务,2018-02-26
4,服务器后端开发人员(Node.js),成都智慧工场科技有限公司,10k-15k,成都,15-50人,3-5年,本科,"移动互联网,教育",2018-03-09
5,Node.JS工程师,无锡井通网络科技有限公司,12k-20k,北京,15-50人,1-3年,大专,金融,2018-03-03
6,Node.js,北京信德数聚（北京）科技有限公司,15k-20k,北京,15-50人,1-3年,本科,"移动互联网,信息安全",2018-02-26
7,Node.js后端开发工程师,深圳市兆方石油化工股份有限公司,15k-20k,深圳,50-150人,不限,本科,"电子商务,其他",2018-02-24
8,Node.js工程师（Growth Hacker）,北京铂金智慧网络科技有限公司,15k-30k,北京,150-500人,1-3年,本科,"移动互联网,数据服务",2018-02-27
9,HTML5前端开发 / Vue.js 2.0,北京智领众悦科技有限公司,10k-20k,北京,少于15人,3-5年,不限,"移动互联网,社交网络",2018-02-26
10,游戏服务器开发（java、php转node.js）,广州优视电子有限责任公司,8K-16K,广州,15-50人,1-3年,大专,"移动互联网,游戏",2018-03-06
11,web前端工程师（Vue.js）,上海天擎信息技术有限公司,12k-24k,上海,500-2000人,3-5年,大专,"移动互联网,电子商务",2018-02-22
12,Vue.js 前端开发工程师,北京智领众悦科技有限公司,10k-20k,北京,少于15人,3-5年,不限,"移动互联网,社交网络",2018-02-26
13,react.js前端开发工程师,上海泛微网络科技股份有限公司,10k-15k,上海,2000人以上,1-3年,本科,"移动互联网,企业服务",2018-03-13
14,web前端工程师（react.js）,上海泛微网络科技股份有限公司,10k-15k,上海,2000人以上,1年以下,本科,"移动互联网,企业服务",2018-03-13
0,react.js前端开发工程师,上海泛微网络科技股份有限公司,10k-15k,上海,2000人以上,1-3年,本科,"移动互联网,企业服务",2018-03-13
1,Node.js,上海泛微网络科技股份有限公司,10k-15k,上海,2000人以上,1年以下,本科,"移动互联网,企业服务",2018-03-13
2,react.js前端开发工程师,上海泛微网络科技股份有限公司,12k-15k,上海,2000人以上,1-3年,本科,"移动互联网,企业服务",2018-03-13
3,react.js前端开发工程师,上海泛微网络科技股份有限公司,10k-15k,上海,2000人以上,1-3年,本科,"移动互联网,企业服务",2018-03-13
4,前端开发工程师（react.js或者vue.js）,上海泛微网络科技股份有限公司,15k-20k,上海,2000人以上,1-3年,本科,"移动互联网,企业服务",2018-03-13
5,Node.js工程师,北京修齐治平科技有限公司,10k-20k,北京,500-2000人,1-3年,本科,"教育,数据服务",2018-03-12
6,Node.js,浙江每日互动网络科技股份有限公司,10k-20k,杭州,150-500人,1-3年,本科,移动互联网,2018-02-28
7,Node.js开发工程师（偏数据方向）,浙江每日互动网络科技股份有限公司,12k-18k,杭州,150-500人,1-3年,本科,移动互联网,2018-02-28
