公司全称,城市,岗位,薪资,发布时间
北京天下秀科技股份有限公司,北京,Python开发工程师,18k-25k,2018-03-21
光合新知（北京）科技有限公司,北京,Python,15k-30k,2018-03-21
北京市商汤科技开发有限公司,深圳,Python开发工程师,15k-30k,2018-03-21
先花信息技术（北京）有限公司,北京,python研发工程师,15k-20k,2018-03-21
深圳虾皮信息科技有限公司,深圳,Python开发工程师,15k-30k,2018-03-21
奇虎360科技有限公司,北京,Python 开发工程师,25k-35k,2018-03-21
杭州群核信息技术有限公司,杭州,Python研发工程师,15k-23k,2018-03-20
北京搜狗科技发展有限公司,北京,技术工程部-python开发工程师,20k-40k,2018-03-21
北京旷视科技有限公司,北京,Python工程师,20k-40k,2018-03-19
厦门点触科技股份有限公司,厦门,Python程序员,10k-20k,2018-03-19
平安科技（深圳）有限公司,上海,Python开发工程师（上海）,15k-30k,2018-03-19
深信服科技股份有限公司,深圳,Python软件开发工程师,15k-20k,2018-03-21
人人行科技有限公司,北京,Python,15k-25k,2018-03-20
深圳市和讯华谷信息技术有限公司,深圳,Python开发工程师,10k-20k,2018-03-20
北京三快在线科技有限公司,北京,服务端高级开发工程师Golang/Python,35k-45k,2018-03-21
平安科技（深圳）有限公司,上海,Python开发工程师（上海）,10k-15k,2018-03-19
深信服科技股份有限公司,北京,Python开发工程师,12k-20k,2018-03-21
北京旷视科技有限公司,北京,python工程师,15k-30k,2018-03-19
北京爱奇艺科技有限公司,北京,Python开发工程师,18k-28k,2018-03-08
腾讯科技(深圳)有限公司,深圳,Python开发工程师,15k-25k,2018-03-07
成都捷云智慧科技有限公司,成都,Python,8K-10K,2018-03-21
北京群星闪耀科技有限公司,北京,Python工程师,15k-25k,2018-03-21
先花信息技术（北京）有限公司,北京,Python中级工程师,15k-20k,2018-03-21
浙江亿咖通科技有限公司,杭州,Python开发工程师,10k-18k,2018-03-21
深圳市和讯华谷信息技术有限公司,深圳,Python开发工程师（中级）,10k-15k,2018-03-20
北京国双科技有限公司,深圳,资深python开发工程师,15k-25k,2018-03-20
深圳晶泰科技有限公司,深圳,高级Python开发工程师,15k-23k,2018-03-21
北京果壳互动科技传媒有限公司,北京,高级Python开发工程师,20k-40k,2018-03-21
深圳虾皮信息科技有限公司,深圳,Python开发工程师（高级）,30k-50k,2018-03-21
掌阅科技股份有限公司,北京,高级Python研发工程师,25k-35k,2018-03-21
深信服科技股份有限公司,深圳,Python开发工程师,10k-20k,2018-03-21
平安科技（深圳）有限公司,深圳,Python开发工程师（深圳）,15k-30k,2018-03-19
北京旷视科技有限公司,北京,高级Python开发工程师,25k-50k,2018-03-21
掌阅科技股份有限公司,北京,Python研发工程师（中高级）,15k-25k,2018-03-21
小明太极（湖北）国漫文化有限公司,武汉,Python工程师,7k-12k,2018-03-21
成都数联铭品科技有限公司,成都,中级Python工程师,10k-15k,2018-03-19
深圳市和讯华谷信息技术有限公司,深圳,高级Python开发工程师,15k-25k,2018-03-20
北京爱奇艺科技有限公司,上海,Python高级开发工程师,20k-30k,2018-03-20
上海贝涛金融信息服务有限公司,上海,高级Python研发工程师,15k-30k,2018-03-20
深圳市明源云客电子商务有限公司,深圳,Python高级开发工程师,16k-22k,2018-03-20
北京国双科技有限公司,深圳,高级python开发工程师,15k-20k,2018-03-20
北京蚂蜂窝网络科技有限公司,北京,高级Python工程师,15k-25k,2018-03-18
金色家园网络科技有限公司,北京,python工程师,15k-25k,2018-03-21
贝壳金控控股集团有限公司,成都,高级Python工程师-CD2818,15k-25k,2018-03-18
腾讯科技(深圳)有限公司,深圳,HY2-监控系统开发工程师-Python（深圳）,18k-30k,2018-03-20
北京旷视科技有限公司,北京,Python 高级开发工程师,20k-40k,2018-03-19
北京优虎商务服务有限公司,北京,python开发工程师,20k-40k,2018-03-21
武汉佰钧成技术有限责任公司,杭州,python开发工程师,11k-20k,2018-03-21
北京趣拿软件科技有限公司,北京,Python高级研发工程师-度假事业部(J11528),20k-40k,2018-03-21
北京搜狗科技发展有限公司,北京,搜狗海外输入法-Python高级开发工程师,20k-40k,2018-03-21
北京深a科技有限公司,武汉,Python 开发工程师,8k-12k,2018-03-20
深圳市博悦科创科技有限公司,深圳,python开发工程师,7k-14k,2018-03-20
贵州电子商务云运营有限责任公司,贵阳,python工程师,10k-15k,2018-03-21
紫梧桐（北京）资产管理有限公司,北京,python工程师,15k-30k,2018-03-20
北京国双科技有限公司,北京,Python研发工程师（北京）,10k-20k,2018-03-19
人人行科技有限公司,北京,高级Python,25k-35k,2018-03-20
上海果雪信息科技有限公司,上海,Python开发,15k-25k,2018-03-21
北京嘉楠捷思信息技术有限公司,北京,python开发工程师,15k-20k,2018-03-21
上海华瑞银行股份有限公司,上海,Python开发工程师,20k-40k,2018-03-20
苏州锦佰安信息技术有限公司,苏州,Python开发工程师,12k-24k,2018-03-20
武汉佰钧成技术有限责任公司,深圳,Python,10k-18k,2018-03-20
青松智慧（北京）科技有限公司,郑州,Python开发工程师,8k-10k,2018-03-21
北京字节跳动科技有限公司,北京,Python开发工程师,20k-35k,2018-03-21
上海海万信息科技股份有限公司,深圳,Python工程师,10k-20k,2018-03-20
厦门笨鸟电子商务有限公司,厦门,Python工程师,8k-15k,2018-03-20
上海诚信互通网络信息科技有限公司,北京,Python研发工程师,15k-30k,2018-03-21
联想（北京）有限公司,北京,Python开发工程师,17k-18k,2018-03-21
深圳市博悦科创科技有限公司,深圳,Python开发,9k-18k,2018-03-20
智车优行科技（北京）有限公司,北京,Python 开发工程师,15k-20k,2018-03-20
深圳瓶子科技有限公司,深圳,Python开发工程师,15k-20k,2018-03-21
北京慕华信息科技有限公司,北京,Python开发工程师,15k-25k,2018-03-21
普信恒业科技发展（北京）有限公司,北京,Python研发工程师,25k-40k,2018-03-21
北京易讯通信息技术股份有限公司,西安,Python研发工程师,7k-10k,2018-03-21
上海青客公共租赁住房租赁经营管理股份有限公司,上海,python工程师,15k-25k,2018-03-21
北京思源置地投资有限公司,北京,python,20k-30k,2018-03-21
北京字节跳动科技有限公司,北京,Python 研发工程师,25k-45k,2018-03-21
上海基分文化传播有限公司,上海,Python开发工程师,20k-35k,2018-03-20
北京小龙虾科技有限公司,北京,Python系统开发工程师,15k-30k,2018-03-19
广州玖维信息科技有限公司,广州,Python软件开发工程师,3k-5k,2018-03-21
北京推想科技有限公司,大连,python工程师,6k-12k,2018-03-21
亿可能源科技（上海）有限公司,上海,Python,15k-30k,2018-03-20
知为文化传媒（北京）有限公司,北京,Python工程师,10k-15k,2018-03-21
成都同步新创科技股份有限公司,成都,python开发,4k-6k,2018-03-21
北京慕华信息科技有限公司,北京,Python开发工程师,20k-30k,2018-03-21
北京缔联科技有限公司,北京,Python开发工程师,10k-20k,2018-03-20
北京春雨天下软件有限公司,北京,Python,20k-40k,2018-03-21
京东金融,北京,Python研发工程师,25k-50k,2018-03-21
北京数美时代科技有限公司,北京,python研发工程师,15k-30k,2018-03-21
联想（北京）有限公司,北京,Python开发工程师,20k-40k,2018-03-20
车好多旧机动车经纪(北京)有限公司,北京,Python开发工程师,20k-40k,2018-03-21
广州玖维信息科技有限公司,广州,Python开发工程师,4k-6k,2018-03-21
上海壤歌市场营销策划有限公司,上海,python工程师,10k-15k,2018-03-21
深圳市一面网络技术有限公司,深圳,Python工程师,10k-20k,2018-03-21
北京天融信科技有限公司,武汉,python开发工程师,8K-12K,2018-03-21
北京来也网络科技有限公司,上海,Python开发工程师,15k-30k,2018-03-21
北京慕华信息科技有限公司,北京,系统开发工程师（Python）,20k-30k,2018-03-21
北京神州绿盟信息安全科技股份有限公司,西安,python开发工程师,8k-10k,2018-03-20
维我软件（上海）有限公司北京分公司,北京,高级工程师-Python,25k-35k,2018-03-20
优识云创（北京）科技有限公司,北京,Python开发工程师,15k-25k,2018-03-19
车好多旧机动车经纪(北京)有限公司,北京,Python,20k-30k,2018-03-21
北京点石经纬科技有限公司,北京,Python工程师,15k-25k,2018-03-21
广州智度网络科技有限公司,广州,python开发师,6k-8k,2018-03-21
北京好巧国际旅行社有限公司,北京,python工程师,15k-20k,2018-03-21
上海彩池资产管理有限公司,上海,Python开发工程师,12k-20k,2018-03-21
湖南康通电子股份有限公司,长沙,Python工程师,7K-14K,2018-03-21
广州玖维信息科技有限公司,广州,Python工程师,3k-5k,2018-03-21
维我软件（上海）有限公司北京分公司,北京,Python软件工程师,15k-25k,2018-03-20
厦门视我科技有限公司,厦门,Python工程师,10k-20k,2018-03-19
成都数联铭品科技有限公司,成都,算法工程师（python）,8k-16k,2018-03-19
北京嘀嘀无限科技发展有限公司,北京,高级后端研发工程师-C++/Python/,25k-45k,2018-03-21
武汉佰钧成技术有限责任公司,杭州,Python开发工程师,9k-14k,2018-03-21
北京神州绿盟信息安全科技股份有限公司,西安,python开发工程师,9k-15k,2018-03-20
北京一览科技有限公司,北京,python开发工程师,20k-40k,2018-03-21
上海青客公共租赁住房租赁经营管理股份有限公司,上海,python工程师,15k-25k,2018-03-21
上海淇毓信息科技有限公司,北京,Python开发工程师,20k-30k,2018-03-20
深圳市麦达数字股份有限公司,北京,PYTHON研发工程师,25k-35k,2018-03-20
北京优虎商务服务有限公司,北京,python开发工程师,20k-40k,2018-03-21
深圳市金证科技股份有限公司,北京,Python 开发工程师,15k-17k,2018-03-21
深圳市博奥特科技有限公司,深圳,python开发工程师,15k-25k,2018-03-20
北京影谱科技股份有限公司,北京,Python开发工程师,15k-25k,2018-03-20
广州玖维信息科技有限公司,广州,Python软件开发工程师,4k-6k,2018-03-21
北京国双科技有限公司,深圳,资深python研发工程师（深圳）,15k-25k,2018-03-19
武汉市哈哈便利科技有限公司,深圳,Python开发工程师,15k-30k,2018-03-21
中文在线数字出版集团股份有限公司,上海,Python开发工程师(000638),10k-20k,2018-03-21
小叶子（北京）科技有限公司,北京,python,20k-30k,2018-03-21
联想（北京）有限公司,北京,python开发工程师,13k-20k,2018-03-21
北京猎户星空科技有限公司,北京,Python开发工程师,18k-35k,2018-03-20
北京智融时代科技有限公司,北京,Python开发工程师,20k-40k,2018-03-20
北京旷视科技有限公司,北京,Python开发实习生,3k-4k,2018-03-19
北京优虎商务服务有限公司,北京,Python工程师,20k-35k,2018-03-21
广州云移信息科技有限公司,深圳,python开发工程师,12k-18k,2018-03-21
长沙辰运软件有限公司,长沙,Python工程师,10k-15k,2018-03-20
武汉佰钧成技术有限责任公司,深圳,python开发工程师,10k-17k,2018-03-20
北京腾云天下科技有限公司,北京,Python工程师J10008,20k-30k,2018-03-20
宁波清车电气有限公司,宁波,Python软件工程师,6k-8k,2018-03-19
北京国双科技有限公司,深圳,资深Python工程师（深圳）,20k-30k,2018-03-19
广州玖维信息科技有限公司,广州,Python开发工程师,3k-5k,2018-03-21
高德软件有限公司,北京,python开发高级工程师,15k-30k,2018-02-24
北京摩尔妈咪网络科技有限公司,北京,Python开发工程师,30k-50k,2018-03-21
北京阿博茨科技有限公司,武汉,Python开发工程师,10k-20k,2018-03-21
企鹅创新（北京）科技有限公司,北京,Python工程师,25k-35k,2018-03-21
北京陌上花科技有限公司,北京,Python开发工程师,15k-30k,2018-03-21
上海基分文化传播有限公司,上海,Python开发工程师,15k-30k,2018-03-21
杭州东信北邮信息技术有限公司,北京,python开发工程师,10k-15k,2018-03-20
维我软件（上海）有限公司北京分公司,北京,Python软件开发工程师,15k-25k,2018-03-19
医渡云（北京）技术有限公司,北京,Python开发工程师,18K-35K,2018-03-21
苏州梦嘉信息技术有限公司,苏州,python工程师,6k-10k,2018-03-21
北京推想科技有限公司,武汉,python工程师,6k-12k,2018-03-21
浚皙商务咨询（上海）有限公司,上海,急聘python工程师,15k-25k,2018-03-21
上海进馨网络科技有限公司,上海,Python开发工程师,15k-25k,2018-03-21
北京国双科技有限公司,北京,资深Python开发工程师（北京）,20k-30k,2018-03-19
北京字节跳动科技有限公司,北京,python开发工程师,25k-50k,2018-03-20
维我软件（上海）有限公司北京分公司,北京,Python软件工程师,15k-25k,2018-03-20
深圳回收宝科技有限公司,深圳,Python开发工程师,15k-22k,2018-03-19
上海谷露软件有限公司,上海,Python开发工程师,13k-25k,2018-03-21
上海众言网络科技有限公司,上海,Python开发师,12k-24k,2018-03-21
北京数美时代科技有限公司,北京,python研发工程师,15k-30k,2018-03-21
上海果雪信息科技有限公司,上海,Python 工程师,15k-30k,2018-03-21
上海微创软件股份有限公司北京分公司,北京,Python开发工程师（微软）,10k-15k,2018-03-20
北京启明合心科技有限公司,北京,Python开发工程师,20k-35k,2018-03-20
深圳贝尔创意科教有限公司,深圳,Python 开发工程师,15k-30k,2018-03-19
广州灵酷企业服务有限公司,广州,Python 开发工程师,8k-10k,2018-03-21
掌阅科技股份有限公司,北京,Python研发工程师（应届毕业生/实习生）,8k-15k,2018-03-21
北京云游九州空间科技有限公司,北京,Python工程师,10k-20k,2018-03-20
郑州创恒实业有限公司,郑州,Python开发工程师,5k-10k,2018-03-20
上海微创软件股份有限公司北京分公司,北京,Python开发工程师（百度）,10k-15k,2018-03-21
维我软件（上海）有限公司北京分公司,北京,Python软件工程师,15k-25k,2018-03-19
北京云游九州空间科技有限公司,北京,Python工程师,10k-20k,2018-03-20
郑州创恒实业有限公司,郑州,Python开发工程师,5k-10k,2018-03-20
北京一人一亩田网络科技有限公司,北京,python开发工程师,20k-36k,2018-03-19
杭州健培科技有限公司,杭州,python开发,8k-15k,2018-03-21
竹间智能科技（上海）有限公司,上海,Python 开发工程师,20k以上,2018-03-21
上海海万信息科技股份有限公司,深圳,python开发工程师,10k-20k,2018-03-20
北京博智天下信息技术有限公司,北京,Python开发工程师,20k-40k,2018-03-20
深圳市和讯华谷信息技术有限公司,深圳,极光调研 - 高级 Python 工程师,18k-35k,2018-03-20
北京神黄科技有限公司,北京,Python开发工程师,15k-30k,2018-03-20
会找房（北京）网络技术有限公司,北京,python开发工程师,15k-30k,2018-03-20
武汉佰钧成技术有限责任公司,广州,Python工程师,10k-15k,2018-03-16
深圳市房多多网络科技有限公司,上海,Python研发工程师,15k-30k,2018-03-21
多点生活（中国）网络科技有限公司,北京,Python开发工程师,10k-20k,2018-03-20
维我软件（上海）有限公司北京分公司,北京,Python,25k-35k,2018-03-19
深圳众禄基金销售股份有限公司,深圳,Python开发工程师,18k-25k,2018-03-20
心灵失重（北京）科技有限公司,深圳,Python,15k-30k,2018-03-20
武汉北蚁网络科技有限公司,武汉,python工程师,8k-10k,2018-03-20
达而观信息科技（上海）有限公司,深圳,Python开发工程师,8k-10k,2018-03-20
北京摩尔妈咪网络科技有限公司,北京,Python开发工程师,20k-40k,2018-03-21
上海道客网络科技有限公司,上海,Python研发工程师,15k-30k,2018-03-21
上海悦易网络信息技术有限公司,上海,python工程师,15k-25k,2018-03-20
上海庆科信息技术有限公司,上海,python开发工程师,15k-18k,2018-03-20
互动峰科技(北京)有限公司,北京,Python工程师,18k-35k,2018-03-18
武汉极意网络科技有限公司,武汉,Python工程师,8k-10k,2018-03-21
武汉佰钧成技术有限责任公司,杭州,Python工程师,10k-18k,2018-03-21
深圳市泽林信息咨询有限公司,东莞,python开发工程师(东莞),5k-8k,2018-03-21
北京字节跳动科技有限公司,北京,python开发工程师,20k-35k,2018-03-20
北京磁力信科技有限公司,北京,Python 开发工程师,14k-28k,2018-03-21
上海道客网络科技有限公司,上海,Python开发工程师,10k-20k,2018-03-21
深圳众禄基金销售股份有限公司,深圳,Python开发工程师,18k-25k,2018-03-20
上海拍拍贷金融信息服务有限公司,上海,python工程师,12k-24k,2018-03-20
上海阅文信息技术有限公司,上海,Python开发工程师,15k-25k,2018-03-19
武汉佰钧成技术有限责任公司,杭州,python开发,10k-20k,2018-03-21
阿基米德（上海）传媒有限公司,上海,Python软件开发工程师,15k-22k,2018-03-21
北京开拓天际科技有限公司,北京,Python工程师,15k-23k,2018-03-21
达疆网络科技（上海）有限公司,上海,后端python工程师,15k-25k,2018-03-20
北京思维造物信息科技有限公司,北京,Python开发工程师,15k-30k,2018-03-20
北京深a科技有限公司,武汉,Python 开发工程师,8k-12k,2018-03-20
苏州博纳讯动软件有限公司,上海,Python开发工程师,6k-10k,2018-03-19
两鲜商贸（上海）有限公司,上海,Python 开发工程师,10k-15k,2018-03-21
杭州健培科技有限公司,杭州,python开发工程师,6k-10k,2018-03-21
京东金融,北京,Python开发工程师-pass平台方向,25k-50k,2018-03-21
万科物业发展有限公司,深圳,Python开发工程师,15k-30k,2018-03-21
上海晓途网络科技有限公司,上海,Python开发工程师,15k-25k,2018-03-21
金色家园网络科技有限公司,北京,中级python工程师,15k-25k,2018-03-21
北京果壳互动科技传媒有限公司,北京,Python后端工程师,10k-20k,2018-03-21
北京思维造物信息科技有限公司,北京,Python开发工程师,15k-30k,2018-03-20
北京来也网络科技有限公司,北京,Python开发工程师,15k-30k,2018-03-20
广州优融网络科技有限责任公司,深圳,Python开发工程师,15k-25k,2018-03-21
博瑞天下（北京)科技有限公司,北京,python工程师,10k-20k,2018-03-21
杭州健培科技有限公司,杭州,Python软件开发,10k-15k,2018-03-21
上海众言网络科技有限公司,上海,Python开发,12k-24k,2018-03-21
上海谷露软件有限公司,上海,Python工程师,15k-25k,2018-03-21
北京数美时代科技有限公司,北京,python研发工程师,15k-30k,2018-03-21
万科物业发展有限公司,深圳,Python开发工程师,15k-30k,2018-03-21
广州经传多赢投资咨询有限公司,广州,量化平台研发工程师-python,12k-24k,2018-03-20
广东修炼科技股份有限公司,广州,Python 开发工程师,8k-16k,2018-03-21
北京爱咔咔信息技术有限公司,北京,Python工程师,15k-30k,2018-03-21
金色家园网络科技有限公司,北京,中级python工程师,15k-25k,2018-03-21
北京格上添富科技发展有限公司,北京,Python研发工程师,13k-25k,2018-03-20
湖南本地星网络科技有限公司,长沙,高级爬虫工程师/python开发,10k-15k,2018-03-20
北京创锐文化传媒有限公司,成都,Python工程师,10k-18k,2018-03-20
北京钱方银通科技有限公司,北京,Python开发,20k-30k,2018-03-07
深圳市天方达健信科技有限公司,深圳,Python工程师,6k-12k,2018-03-21
蓝盾信息安全技术股份有限公司,广州,Python开发工程师,12k-22k,2018-03-21
无锡华云数据技术服务有限公司,上海,Python开发工程师,18k-28k,2018-03-21
上海驻云信息科技有限公司,上海,Python开发工程师,15k-25k,2018-03-20
仁科互动（北京）信息科技有限公司,北京,Python开发工程师,25k-35k,2018-02-26
宏居网络技术（上海）有限公司,上海,Python开发／后端软件工程师.,20k-30k,2018-03-21
深圳市博奥特科技有限公司,深圳,Python开发工程师,10k-15k,2018-03-21
武汉佰钧成技术有限责任公司,广州,Python开发,12k-24k,2018-03-16
北京九州云动科技有限公司,北京,Python,15k-30k,2018-03-21
上海海万信息科技股份有限公司,上海,python,8k-15k,2018-03-21
北京钱方银通科技有限公司,北京,Python开发,20k-30k,2018-03-07
上海海万信息科技股份有限公司,上海,python,8k-15k,2018-03-21
金色家园网络科技有限公司,北京,中级python工程师,15k-25k,2018-03-21
北京猎户星空科技有限公司,北京,python开发工程师,15k-30k,2018-03-21
北京第三石科技发展有限公司,北京,【5Miles】Python开发工程师,15k-30k,2018-03-21
永杨安风（北京）科技有限公司,北京,资深Python工程师,35k-45k,2018-03-21
厦门笨鸟电子商务有限公司,深圳,python工程师,20k-40k,2018-03-21
上海游族信息技术有限公司,北京,Python开发工程师-base北京,12k-18k,2018-03-21
万科物业发展有限公司,深圳,高级Python开发,15k-25k,2018-03-21
深圳市易讯天空网络技术有限公司,深圳,Python开发工程师,15k-25k,2018-03-21
上海米闲企业管理合伙企业(有限合伙),上海,Python工程师,10k-20k,2018-03-19
北京智者天下科技有限公司,北京,Python开发工程师,20k-40k,2018-03-19
上海众言网络科技有限公司,苏州,Python开发,15k-25k,2018-03-07
会找房（北京）网络技术有限公司,北京,Python,15K-25K,2018-02-23
深圳市五一五游戏网络有限公司,深圳,Python,15k-25k,2018-03-21
光合新知（北京）科技有限公司,北京,Python Web开发工程师,15k-30k,2018-03-21
智线云科技（北京）有限公司,廊坊,Python中级工程师,8k-10k,2018-03-21
克鲁（北京）网络科技有限公司,北京,Python后端开发工程师,20k-40k,2018-03-21
北京智者天下科技有限公司,北京,Python开发工程师,15k-30k,2018-03-20
武汉佰钧成技术有限责任公司,广州,Python开发工程师,8k-13k,2018-03-19
行吟信息科技（上海）有限公司,上海,Python开发工程师,20k-40k,2018-03-21
北京弥财投资咨询有限公司,北京,高级Python开发工程师,20k-40k,2018-03-20
深圳晶泰科技有限公司,北京,Python后台开发,10k-18k,2018-03-20
上海基分文化传播有限公司,上海,Python开发工程师,20k-35k,2018-02-27
深圳市华宇讯科技有限公司,深圳,Python工程师实习生,2k-4k,2018-03-21
有米科技股份有限公司,广州,Python工程师,15k-25k,2018-03-21
永杨安风（北京）科技有限公司,北京,Python研发工程师,15k-25k,2018-03-21
北京中铁信科技有限公司,北京,Python中级研发工程师,14k-23k,2018-03-21
广州财略金融信息科技有限公司,广州,Python开发工程师,10k-16k,2018-03-21
北京来也网络科技有限公司,上海,Python开发工程师(193),15k-30k,2018-03-20
智线云科技（北京）有限公司,廊坊,Python中级工程师,8k-15k,2018-03-21
北京榆钱投资管理有限公司,武汉,Python,10k-20k,2018-03-20
河南中原消费金融股份有限公司,郑州,python工程师,10k-20k,2018-03-14
北京复华卓越商业管理有限公司,北京,Python开发工程师,15k-30k,2018-03-09
北京好巧国际旅行社有限公司,北京,Linux C++/Python开发工程师,15k-20k,2018-03-21
深圳佑驾创新科技有限公司,深圳,python工程师,15k-30k,2018-03-21
北京中铁信科技有限公司,北京,python中级开发工程师,15k-30k,2018-03-21
深圳市中手游网络科技有限公司,深圳,sz-Python开发岗,15k-25k,2018-03-21
深圳市博奥特科技有限公司,深圳,python开发工程师,10k-20k,2018-03-20
广州碧软信息科技有限公司,成都,Python,10k-18k,2018-03-14
北京东方国信科技股份有限公司,北京,Python开发工程师,18k-25k,2018-02-28
北京摩尔妈咪网络科技有限公司,北京,Python工程师,15k-30k,2018-03-21
武汉极意网络科技有限公司,武汉,Python（极验验证）,9k-18k,2018-03-21
北京陌上花科技有限公司,北京,Python/Golang开发工程师,20k-40k,2018-03-21
上海微创软件股份有限公司北京分公司,深圳,Python开发工程师（码隆科技）,10k-20k,2018-03-20
北京物灵智能科技有限公司,北京,python研发工程师,15k-30k,2018-03-16
昊盈信息技术（成都）有限公司,成都,Python 开发工程师,8k-15k,2018-03-21
博瑞天下（北京)科技有限公司,北京,高级python工程师,25k-40k,2018-03-21
武汉佰钧成技术有限责任公司,深圳,Python中级开发工程师,12k-18k,2018-03-21
北京中铁信科技有限公司,北京,Python 中级研发工程师,15k-30k,2018-03-21
多点生活（中国）网络科技有限公司,北京,（北京）Python开发工程师,15k-30k,2018-03-20
北京奇观技术有限责任公司,南阳,python开发工程师,3k-6k,2018-03-20
顺丰科技有限公司,深圳,python后台开发工程师,15k-30k,2018-03-19
玖富金科控股集团有限责任公司,北京,Python开发工程师,20k-35k,2018-03-16
北京羽扇智信息科技有限公司,北京,Python研发工程师,12k-24k,2018-03-16
万兴科技股份有限公司,深圳,Python开发工程师,10k-20k,2018-03-09
凡普金科企业发展（上海）有限公司,北京,Python工程师,25k-35k,2018-03-09
湖南创业工场网络科技有限公司,长沙,python中级开发工程师,6k-10k,2018-03-21
上海微创软件股份有限公司北京分公司,北京,Python工程师-赴码隆科技,10k-15k,2018-03-20
上海拍拍贷金融信息服务有限公司,上海,python工程师,12k-24k,2018-03-20
北京中铁信科技有限公司,北京,Python 中级研发工程师,15k-30k,2018-03-21
武汉佰钧成技术有限责任公司,武汉,Python,15k-30k,2018-03-16
宽拓（北京）科技有限公司,北京,Python,20k-40k,2018-03-12
深圳开黑科技有限公司,深圳,Python研发工程师,13k-25k,2018-03-21
深圳市博奥特科技有限公司,深圳,中级PYTHON开发工程师,22k-25k,2018-03-21
网信集团有限公司,成都,python工程师,10k-20k,2018-03-19
维我软件（上海）有限公司北京分公司,北京,Software Engineer -Python,25k-35k,2018-03-19
北京好巧国际旅行社有限公司,北京,python高级工程师,25k-35k,2018-03-21
京东金融,杭州,Python开发工程师,15k-25k,2018-03-21
山西优逸客科技有限公司,太原,python工程师,8k-12k,2018-03-21
北京云途腾科技有限责任公司,北京,高级python研发工程师,20k-40k,2018-03-21
北京字节跳动科技有限公司,北京,高级Python开发工程师,25k-40k,2018-03-21
上海海万信息科技股份有限公司,上海,python工程师,8k-15k,2018-03-20
深圳见众号创新科技有限公司,深圳,Python 开发工程师,8k-16k,2018-03-20
北京零用钱科技有限公司,北京,Python,13k-16k,2018-03-20
维我软件（上海）有限公司北京分公司,北京,高级Python开发工程师,35k-45k,2018-03-20
北京星尘纪元智能科技有限公司,北京,实习Python工程师,5k-8k,2018-03-21
北京秒针信息咨询有限公司,北京,Python开发工程师,15k-30k,2018-03-21
北京朴素磐石投资管理有限公司,北京,Python工程师,10k-20k,2018-03-20
浙江金科文化产业股份有限公司,广州,python开发工程师,10k-20k,2018-03-19
通联数据股份公司,上海,python开发工程师,10k-20k,2018-03-19
瞬联软件科技（北京）有限公司,上海,python开发工程师,10k-15k,2018-02-27
武汉微思敦网络技术有限公司,深圳,python开发工程师,10k-20k,2018-03-21
上海道客网络科技有限公司,上海,Python开发工程师,20k-40k,2018-03-21
深圳花果山科技有限公司,深圳,Python,5k-8k,2018-03-21
人人贷商务顾问（北京）有限公司,北京,Python开发工程师,8k-16k,2018-03-20
上海微创软件股份有限公司北京分公司,北京,Python开发工程师（码隆科技）,10k-20k,2018-03-20
北京优帆科技有限公司,武汉,Python 研发工程师,12k-24k,2018-03-20
平安科技（深圳）有限公司,深圳,Python后台开发工程师（深圳）,10k-15k,2018-03-19
北京鱼行天下网络科技有限公司,北京,Python工程师,15k-30k,2018-03-15
维我软件（上海）有限公司北京分公司,大连,高级Python开发工程师,16k-25k,2018-03-20
北京星尘纪元智能科技有限公司,北京,实习Python工程师,5k-10k,2018-03-21
云蜂科技有限公司,北京,Python工程师,15k-25k,2018-02-26
中企动力科技股份有限公司,北京,Python高级研发工程师,25k-35k,2018-03-21
深圳市明源云采购电子商务有限公司,深圳,高级Python开发工程师,16k-22k,2018-03-21
北京推想科技有限公司,上海,python工程师,6k-12k,2018-03-21
北京顶象技术有限公司,南京,资深开发工程师-C/Python,15k-30k,2018-03-21
湖南康通电子股份有限公司,长沙,高级Python工程师,10k-20k,2018-03-21
网信集团有限公司,成都,Python开发工程师,8k-16k,2018-03-20
上海微创软件股份有限公司北京分公司,深圳,Python工程师-赴深圳码隆科技,10k-20k,2018-03-20
深圳市易博天下科技有限公司,深圳,Python开发工程师,11k-20k,2018-03-19
上海知助数据科技有限公司,上海,Python,12k-17k,2018-03-19
深圳市金证科技股份有限公司,深圳,Python,9k-16k,2018-03-14
北京智者天下科技有限公司,北京,Python 开发工程师,18k-36k,2018-03-12
况客科技(北京)有限公司,北京,Python 工程师,15k-30k,2018-03-12
维我软件（上海）有限公司北京分公司,北京,高级Python开发工程师,35k-45k,2018-03-20
上海层峰网络科技有限公司,上海,python高级开发工程师,15k-26k,2018-03-21
北京第三石科技发展有限公司,北京,Python高级开发工程师,18k-36k,2018-03-21
北京陌上花科技有限公司,北京,高级Python开发工程师,20k-40k,2018-03-21
苏州睿小麟教育科技有限公司,苏州,资深Python研发工程师,15k-25k,2018-03-21
广州云移信息科技有限公司,深圳,python高级开发工程师,18k-25k,2018-03-21
深圳市博奥特科技有限公司,深圳,PYTHON高级开发工程师,18k-25k,2018-03-21
成都琛石科技有限公司,深圳,Python 研发工程师,8k-16k,2018-03-20
广州荔枝网络有限公司,广州,Python工程师,5k-10k,2018-03-20
深圳呗佬智能有限公司,深圳,python开发工程师,15k-30k,2018-03-20
上海江村市隐智能科技有限公司,上海,Python开发,10k-15k,2018-03-15
北京鱼行天下网络科技有限公司,北京,Python开发工程师,20k-40k,2018-03-15
北京步鼎方舟科技有限公司,北京,Python高级开发工程师,20k-30k,2018-03-21
无锡华云数据技术服务有限公司,上海,103-中级Python开发工程师,15k-25k,2018-03-21
上海众言网络科技有限公司,上海,Python资深开发,12k-24k,2018-03-21
维我软件（上海）有限公司北京分公司,大连,高级Python开发工程师,16k-25k,2018-03-20
上海真己化人教育科技有限公司,上海,Python高级开发工程师,8k-15k,2018-03-21
上海厚本金融信息服务有限公司,上海,Python/Go 运维开发工程师,15k-25k,2018-03-21
上海微创软件股份有限公司北京分公司,北京,高级Python工程师,10k-15k,2018-03-20
深圳柚子街科技有限公司,深圳,Python工程师,10k-15k,2018-03-20
北京乐信圣文科技有限责任公司,北京,python工程师,15k-30k,2018-03-20
武汉北蚁网络科技有限公司,武汉,Python高级开发工程师,10k-15k,2018-03-20
北京天广汇通科技有限公司,北京,python开发工程师,15k-25k,2018-02-22
北京点石经纬科技有限公司,北京,高级python工程师,15k-30k,2018-03-21
海南元游信息技术有限公司广州分公司,广州,Python开发工程师,8k-15k,2018-03-21
上海航仕企业管理有限公司,深圳,Python开发,20k-35k,2018-03-21
行云智能（深圳）技术有限公司,深圳,Python开发工程师,10k-20k,2018-03-21
无锡华云数据技术服务有限公司,上海,高级Python开发工程师,18k-25k,2018-03-21
北京字节跳动科技有限公司,北京,高级python工程师,25k-40k,2018-03-20
杭州一知智能科技有限公司,杭州,python工程师,8K-15K,2018-03-20
维我软件（上海）有限公司北京分公司,大连,高级Python开发工程师,16k-25k,2018-03-19
武汉北蚁网络科技有限公司,武汉,Python高级开发工程师,10k-15k,2018-03-20
深圳市博奥特科技有限公司,深圳,高级python开发工程师,13k-25k,2018-03-20
广州中国科学院计算机网络信息中心,广州,Python开发工程师,9k-15k,2018-03-19
上海众言网络科技有限公司,苏州,Python,6k-12k,2018-03-07
北京点石经纬科技有限公司,北京,Python工程师,10k-20k,2018-03-21
重庆博尼施科技有限公司,重庆,初级/实习生 Python研发工程师,2k-4k,2018-03-21
深圳开黑科技有限公司,深圳,高级Python开发工程师,16k-30k,2018-03-21
北京智融时代科技有限公司,北京,高级Python开发工程师,20k-40k,2018-03-20
上海大岂网络科技有限公司,上海,python工程师,10k-20k,2018-03-19
千言信息技术（上海）有限公司,上海,Python,15k-30k,2018-03-13
上海壤歌市场营销策划有限公司,上海,资深Python工程师,18k-28k,2018-03-21
北京链商电子商务有限公司,成都,python研发工程师,8k-15k,2018-03-21
智线云科技（北京）有限公司,北京,Python中级工程师,15k-24k,2018-03-21
深圳市中安网域科技有限公司,深圳,Python工程师,6k-12k,2018-03-20
深圳市博奥特科技有限公司,深圳,Python,10k-20k,2018-03-21
北京高域海汇科技有限公司,北京,Python高级工程师,15k-30k,2018-03-19
江苏五星电器有限公司,南京,Python开发工程师,7k-12k,2018-03-09
上海众言网络科技有限公司,上海,高级Python开发,12k-24k,2018-03-21
北京掌控世代科技有限公司,北京,Python研发中级工程师,15k-30k,2018-03-21
新浪网技术（中国）有限公司,北京,Python开发工程师,13k-26k,2018-03-21
北京爱唯光石信息技术有限公司,南京,Python高级开发工程师,15k-25k,2018-03-21
瞬联软件科技（北京）有限公司,上海,Python软件开发工程师,10k-15k,2018-03-20
杭州览众数据科技有限公司,杭州,中级Python工程师,15k-20k,2018-03-20
会找房（北京）网络技术有限公司,北京,高级python开发工程师,15k-30k,2018-03-20
上海海万信息科技股份有限公司,深圳,Python开发工程师,9k-16k,2018-03-16
马上消费金融股份有限公司,北京,Python开发工程师,20k-30k,2018-02-27
北京多牛互动传媒股份有限公司,北京,Python开发工程师-WEB-DNJS0007,12k-24k,2018-02-24
北京智分科技有限公司,北京,高级Python开发工程师,25k-45k,2018-03-21
上海点融信息科技有限责任公司,上海,高级python开发工程师-SH415-41509,20k-40k,2018-03-21
北京掌控世代科技有限公司,北京,Python工程师,8k-15k,2018-03-21
上海唯链信息科技有限公司,上海,python高级研发,20k-35k,2018-03-21
无锡聚云科技有限公司,无锡,Python开发工程师,6k-12k,2018-03-21
联想（北京）有限公司,北京,python开发高级工程师,18k-35k,2018-03-20
医渡云（北京）技术有限公司,北京,Python开发工程师,18k-35k,2018-03-01
北京摩尔妈咪网络科技有限公司,北京,高级Python工程师,25k-50k,2018-03-21
蜜柚网络科技（上海）有限公司,上海,高级Python开发工程师,25k-50k,2018-03-21
上海真己化人教育科技有限公司,上海,Python资深开发工程师,12k-24k,2018-03-21
印孚瑟斯技术（中国）有限公司,深圳,Python,15k-20k,2018-03-21
杭州绿湾网络科技有限公司,杭州,高级Python开发工程师,15k-25k,2018-03-21
北京格上添富科技发展有限公司,北京,高级Python研发工程师,20k-35k,2018-03-20
维我软件（上海）有限公司北京分公司,北京,高级Python开发工程师,25k-35k,2018-03-19
酷转猫友（武汉）科技有限公司,武汉,高级Python开发工程师,15k-20k,2018-03-21
深圳市金证科技股份有限公司,深圳,Python开发,9k-16k,2018-03-21
上海壤歌市场营销策划有限公司,上海,Python,12k-24k,2018-03-14
深圳市博奥特科技有限公司,深圳,高级python开发工程师,15k-25k,2018-03-21
南京网燃网络科技有限公司,无锡,python软件工程师助理/python程序员双休,3k-6k,2018-03-21
北京江山如画网路科技有限责任公司,北京,Python研发工程师,5k-10k,2018-03-21
上海墨沐金融信息服务有限公司,上海,资深python开发工程师,25k-35k,2018-03-21
杭州牛盾网络技术有限公司,杭州,Python开发工程师,8k-16k,2018-03-20
杭州嘉云数据科技有限公司,杭州,Python 开发工程师,15k-20k,2018-03-20
郑州创恒实业有限公司,郑州,高级Python开发工程师,7k-10k,2018-03-20
创新工场（北京）企业管理股份有限公司,北京,python开发工程师,15k-30k,2018-03-19
烟台欣和企业食品有限公司,烟台,JAVA/Python工程师,5k-10k,2018-03-12
北京优虎商务服务有限公司,北京,Python研发工程师,15k-30k,2018-03-05
深圳市泽林信息咨询有限公司,深圳,高级python开发,15k-30k,2018-03-21
上海道客网络科技有限公司,上海,高级 Python 研发工程师（上海）,10k-20k,2018-03-21
试金石信用服务有限公司,深圳,Python开发岗,10k-20k,2018-03-21
上海真己化人教育科技有限公司,上海,Python开发工程师兼高级铲屎官,8k-15k,2018-03-21
北京推想科技有限公司,广州,python工程师,6k-12k,2018-03-21
上海墨沐金融信息服务有限公司,上海,python 开发工程师,10k-20k,2018-03-21
上海亦存网络科技有限公司,上海,高级Python开发,20k-40k,2018-03-20
成都捷云智慧科技有限公司,成都,Python,8k-12k,2018-03-20
北京搜狐新媒体信息技术有限公司,北京,搜狐媒体-社交产品中心-Python工程师,20k-30k,2018-03-20
苏州有推信息科技有限公司,苏州,Python中级工程师,5k-10k,2018-03-19
北京朗势科技有限公司,北京,高级Python工程师,25k-35k,2018-03-19
北京新意互动广告有限公司,北京,高级python开发工程师,15k-30k,2018-03-19
北京优虎商务服务有限公司,北京,Python研发工程师,15k-30k,2018-03-05
高德软件有限公司,北京,高德-python开发高级工程师,18k-36k,2018-02-26
智线云科技（北京）有限公司,北京,高级Java/PHP/Python工程师,15k-24k,2018-03-21
杭州览众数据科技有限公司,杭州,高级python工程师,15k-30k,2018-03-20
上海华钦软件技术有限公司,上海,python开发工程师,20k-35k,2018-03-20
珠海轼域网络科技有限公司,珠海,Python开发工程师,8K-15K,2018-03-19
上海新炬网络技术有限公司,深圳,Python开发工程师,10k-15k,2018-03-19
武汉安天信息技术有限责任公司,武汉,python开发工程师,7k-13k,2018-03-16
武汉安天信息技术有限责任公司,武汉,python开发工程师,7k-13k,2018-03-16
北京高域海汇科技有限公司,北京,python开发工程师,10k-15k,2018-03-15
北京首都在线科技股份有限公司,北京,python研发工程师,15k-25k,2018-03-21
北京世纪好未来教育科技有限公司,北京,家长帮-Python/Django web开发工程师,20k-35k,2018-03-21
上海基分文化传播有限公司,上海,Python高级开发,15k-30k,2018-03-21
深圳市有鱼智能科技有限公司,深圳,Python开发工程师,10k-20k,2018-03-20
北京乐信圣文科技有限责任公司,北京,高级Python开发工程师,20k-40k,2018-03-20
腾讯科技(深圳)有限公司,深圳,HY2-python后台开发工程师（深圳）,18k-30k,2018-03-20
北京汇行科技有限公司,北京,Python开发,8k-16k,2018-03-01
上海微创软件股份有限公司北京分公司,北京,高级Python工程师-赴MMAIS,10k-15k,2018-03-21
车好多旧机动车经纪(北京)有限公司,北京,高级python开发工程师,20k-40k,2018-03-21
无锡华云数据技术服务有限公司,上海,32-高级Python开发工程师,15k-25k,2018-03-21
深圳市紫川软件有限公司,上海,python开发工程师,12k-19k,2018-03-21
北京云中融信网络科技有限公司,北京,Python研发工程师,15k-25k,2018-03-07
广州大象健康科技有限公司,广州,Python/ Qt开发工程师,6k-12k,2018-03-21
深圳柚子街科技有限公司,深圳,Python工程师,8k-12k,2018-03-20
北京天润融通科技有限公司,北京,Python开发工程师[亦庄],15k-30k,2018-03-20
深圳永安在线科技有限公司,深圳,高级Python,25k-40k,2018-03-18
上海阿牛信息科技有限公司,上海,高级Python开发工程师,15k-22k,2018-03-21
大连允执科技有限公司,大连,Python开发工程师,5k-8k,2018-03-21
北京下厨房科技有限公司,北京,python开发工程师,12k-24k,2018-03-20
北京天广汇通科技有限公司,成都,python高级工程师,15k-25k,2018-03-20
北京高域海汇科技有限公司,北京,Python开发工程师,15K-25K,2018-03-05
深圳市博奥特科技有限公司,深圳,中高级python开发工程师,15k-30k,2018-03-21
北大医疗信息技术有限公司,北京,Python开发工程师,6k-12k,2018-03-21
深圳市环球易购电子商务有限公司,深圳,高级python开发工程师,12k-20k,2018-03-21
乐格商业咨询（深圳）有限公司,深圳,Python高级开发工程师,16k-30k,2018-03-20
武汉烧麦财播科技有限公司,深圳,Python开发工程师（深圳公司）,18k-25k,2018-03-20
杭州嘉云数据科技有限公司,杭州,高级/资深 python开发工程师,20k-30k,2018-03-20
上海语酷网络科技有限公司,上海,python高级研发,20k-35k,2018-03-19
宁波新希望信息技术有限公司,宁波,Python,10k-15k,2018-03-19
福建国脉生物科技有限公司,泉州,python程序员,6k-12k,2018-03-19
北京好巧国际旅行社有限公司,北京,Linux C++/Python中高级研发工程师,25k-35k,2018-03-21
深圳市杉岩数据技术有限公司,深圳,Python开发工程师,10k-16k,2018-03-19
北京爱狄特信息科技有限公司,北京,Python高级开发工程师,15k-30k,2018-03-19
深圳市博奥特科技有限公司,深圳,中级PYTHON开发工程师,22k-25k,2018-03-16
上海优刻得信息科技有限公司,上海,资深Python开发工程师,25k-35k,2018-03-15
北京京东世纪贸易有限公司,上海,Python资深开发工程师,18k-36k,2018-03-21
深圳市盖威科技有限公司,深圳,Python交易开发工程师,14k-20k,2018-03-21
珠海哈工有思科技有限公司,珠海,Python开发工程师,10k-20k,2018-03-20
杭州健培科技有限公司,杭州,python软件工程师,10K-15K,2018-03-16
深圳码隆科技有限公司,北京,python工程师(北京),15k-25k,2018-03-16
超对称（北京）科技有限公司,北京,Python开发工程师,12k-20k,2018-03-12
北京网融天下金融信息服务有限公司,北京,Python 开发工程师,15k-30k,2018-03-05
杭州传送门网络科技有限公司,杭州,Python开发工程师,8k-16k,2018-02-28
深圳市博奥特科技有限公司,深圳,中级PYTHON开发工程师,22k-25k,2018-03-16
北京原子钟信息科技有限公司,北京,Python开发工程师,15k-25k,2018-03-19
成都路行通信息技术有限公司,成都,高级python研发工程师,15k-20k,2018-03-19
深圳码隆科技有限公司,北京,python工程师(北京),15k-25k,2018-03-16
北京汇行科技有限公司,北京,Python工程师,8k-16k,2018-03-01
北京罗威亚科技有限公司,北京,python攻城狮,9k-15k,2018-02-27
北京旷视科技有限公司,北京,python高级后端工程师,25k-50k,2018-03-21
北京友缘在线网络科技股份有限公司,北京,Python 资深开发,20k-30k,2018-03-20
微额速达(上海)金融信息服务有限公司,上海,Python,10k-20k,2018-03-16
四川长虹电器股份有限公司,成都,python工程师,8k-15k,2018-03-12
北京车之家信息技术有限公司,北京,Python开发工程师,15k-25k,2018-03-21
北京全品文教科技股份有限公司,北京,Python开发工程师,15k-30k,2018-03-21
北京撞见旅行国际旅行社有限公司,北京,Python开发工程师,15k-30k,2018-03-20
西安逆袭网络科技有限公司,西安,Python开发工程师,10k-20k,2018-02-27
京东金融,北京,高级开发工程师-Python/Java/Go,25k-45k,2018-03-21
西安逆袭网络科技有限公司,西安,Python开发工程师,10k-20k,2018-02-27
浙江钱粒科技有限公司,杭州,资深Python工程师,15k-25k,2018-03-21
北京优趣天下信息技术有限公司,南宁,Python开发工程师,4k-8k,2018-03-19
安徽万诸网络科技有限公司,长沙,python工程师,6k-12k,2018-03-19
深圳市杉岩数据技术有限公司,深圳,高级Python开发工程师,16k-23k,2018-03-19
北京汇行科技有限公司,北京,Python,8k-16k,2018-03-01
岩心科技（深圳）有限公司,深圳,高级Python工程师/面向对象高级Python工,15k-30k,2018-03-21
北京车势科技有限公司,北京,python开发工程师,15k-25k,2018-03-20
优维科技（深圳）有限公司,武汉,python开发工程师,6k-12k,2018-03-19
上海优刻得信息科技有限公司,上海,高级Python开发工程师,25k-35k,2018-03-15
上海帝联信息科技股份有限公司,南通,python研发工程师,6k-11k,2018-03-09
支付宝(杭州)信息技术有限公司,杭州,python开发工程师,20K-40K,2018-02-28
车好多旧机动车经纪(北京)有限公司,北京,瓜子二手车-Python高级开发工程师,20k-35k,2018-03-21
北京作业盒子科技有限公司,北京,python工程师,20k-40k,2018-03-21
北京慕华信息科技有限公司,北京,Python工程师（智能硬件）,20k-30k,2018-03-21
岩心科技（深圳）有限公司,深圳,Python后台开发/数据平台/Senior,15k-30k,2018-03-21
北京乐信圣文科技有限责任公司,成都,高级Python开发工程师,15k-30k,2018-03-20
浚皙商务咨询（上海）有限公司,上海,Python,15k-25k,2018-03-19
广州中国科学院计算机网络信息中心,广州,高级python开发工程师,15k-20k,2018-03-19
上海炽聚网络科技有限公司,深圳,Python开发工程师,12K-20K,2018-03-16
通联数据股份公司,上海,python开发工程师,15k-30k,2018-03-12
藏宝途（大连）网络科技有限公司,大连,Python,6k-10k,2018-03-21
北京阿尔山科技有限公司,北京,python开发工程师,16k-30k,2018-03-21
天津函数科技有限公司,北京,Python系统开发工程师,15k-20k,2018-03-20
内蒙古西贝餐饮连锁有限责任公司,北京,Python开发工程师,8k-16k,2018-03-20
浙江第元信息技术有限公司,宁波,python开发工程师,7k-11k,2018-03-19
上海优刻得信息科技有限公司,上海,中级Python开发工程师,15k-25k,2018-03-15
北京猎户星空科技有限公司,北京,python工程师,15k-30k,2018-03-15
上海蔓盈科技有限公司北京朝阳分公司,北京,Python开发工程师,15k-20k,2018-03-07
金蝶软件（中国）有限公司,深圳,Python开发工程师,10k-20k,2018-03-21
圆通速递有限公司,杭州,高级python开发工程师,20k-35k,2018-03-21
北京江山如画网路科技有限责任公司,北京,python开发工程师,8k-16k,2018-03-21
竞技世界（北京）网络技术有限公司,北京,服务器开发工程师（nodejs/java/python/go,15K-30K,2018-03-21
广州美亚尚途国际旅行社有限公司,广州,Python工程师,4k-6k,2018-03-20
腾讯科技(深圳)有限公司,深圳,python后台高级工程师,15k-30k,2018-03-20
珠海市利保机器人有限公司,珠海,PHP/Python开发工程师,10k-20k,2018-03-20
上海语酷网络科技有限公司,上海,python高级工程师,20k-40k,2018-03-19
上海众言网络科技有限公司,苏州,Python工程师,15k-25k,2018-03-07
北京多牛互动传媒股份有限公司,北京,Python开发工程师-数据分析-DNJS0030,15k-30k,2018-02-24
北京小米科技有限责任公司,北京,Python工程师-锁屏,20k-35k,2018-03-21
上海点融信息科技有限责任公司,成都,后端Python工程师 - CD3413,6k-12k,2018-03-21
浙江天垂科技有限公司,杭州,Python工程师,15k-30k,2018-03-20
广西云锋信息科技有限公司,南宁,python开发工程师,4k-8k,2018-03-19
千言信息技术（上海）有限公司,上海,Python工程师,10k-20k,2018-03-13
海思林科（北京）信息技术有限公司,北京,python开发工程师,10k-18k,2018-02-28
千言信息技术（上海）有限公司,上海,Python工程师,10k-20k,2018-03-13
海思林科（北京）信息技术有限公司,北京,python开发工程师,10k-18k,2018-02-28
深圳市紫川软件有限公司,深圳,python工程师,8k-14k,2018-03-21
杭州沃趣科技股份有限公司,杭州,Python开发工程师,11k-22k,2018-03-20
北京焱融科技有限公司,北京,Python研发工程师,15k-25k,2018-03-19
网易（杭州）有限公司,北京,高级/资深Python 开发工程师,20k-40k,2018-03-15
北京一览科技有限公司,北京,python开发工程师,20k-40k,2018-02-22
北京爱乐宝机器人科技有限公司,北京,Python/PyQt PC客户端高级开发工程师,15k-20k,2018-03-20
广州德惟科技有限公司,广州,python开发（广州）,8k-13k,2018-03-19
无锡信成网络科技有限公司,北京,python开发工程师,13k-20k,2018-03-12
深圳前海信美分期科技有限公司,长沙,Python开发 （长沙）,6k-10k,2018-03-12
北京汇行科技有限公司,北京,Python研发工程师,8k-16k,2018-03-01
在线途游（北京）科技有限公司,北京,python开发工程师,15k-25k,2018-03-20
深圳码隆科技有限公司,深圳,python开发工程师(深圳),20k-40k,2018-03-16
北京南天软件有限公司,北京,python工程师,5k-10k,2018-03-06
混沌时代（北京）教育科技有限公司,北京,高级python开发工程师,20k-40k,2018-03-06
广州赛意信息科技股份有限公司,深圳,python工程师,15k-25k,2018-02-24
浙江钱花网络科技有限公司,杭州,python开发,10k-18k,2018-03-20
中科视拓（北京）科技有限公司,北京,Python高级工程师,25k-40k,2018-03-19
携程计算机技术（上海）有限公司,深圳,Python开发工程师,15k-25k,2018-03-19
北京闪银奇异科技有限公司,北京,Python 开发工程师,15k-25k,2018-03-07
广州龙骐贸易有限公司,广州,Python开发工程师,10k-15k,2018-03-02
北京千锋互联科技有限公司,北京,python技术总监,25k-50k,2018-03-21
北京作业盒子科技有限公司,北京,python工程师,15k-30k,2018-03-21
广州菲动软件科技有限公司,北京,python后台研发工程师,20k-30k,2018-03-20
成都路行通信息技术有限公司,成都,Python开发工程师（中高级）,12k-20k,2018-03-19
北京云族佳科技有限公司,武汉,python开发-武汉,20k-25k,2018-03-13
北京字节跳动科技有限公司,北京,高级python研发工程师,20k-40k,2018-03-06
再惠（上海）网络科技有限公司,上海,高级python工程师,20k-40k,2018-03-06
长沙阿云网络科技有限公司,长沙,python工程师,10k-15k,2018-03-21
深圳市量子空间区块链企业（有限合伙）,深圳,高级 python 工程师,20k-40k,2018-03-21
广州楠天网络科技有限公司,广州,初级Python工程师,4k-7k,2018-03-21
北京艾唯博瑞科技有限公司,北京,python研发工程师,15k-25k,2018-03-19
成都市肆零肆网络科技有限公司,成都,Python开发,10k-15k,2018-03-14
蓝信移动（北京）科技有限公司,北京,Python开发经理,20k-35k,2018-03-20
北京世纪好未来教育科技有限公司,北京,Python开发,20k-40k,2018-03-05
昊盈信息技术（成都）有限公司,成都,Python Developer Python开发,6k-12k,2018-03-21
上海泛微网络科技股份有限公司,上海,运维工程师（Python）,8k-13k,2018-03-21
星辰天合（北京）数据科技有限公司,北京,存储应用开发工程师-Java/GO/Python,18k-35k,2018-03-19
上海微麦电子商务发展有限公司,上海,python,10k-20k,2018-03-16
石家庄佳诚网络技术有限公司,石家庄,python开发工程师,6k-9k,2018-03-15
北京高思博乐教育科技股份有限公司,北京,Python工程师-大数据方向,15k-30k,2018-03-20
福州飘雪网络科技有限公司,福州,Python开发工程师,6k-10k,2018-03-20
深圳狗尾草智能科技有限公司,深圳,高级Python开发工程师,15k-30k,2018-03-14
上海基分文化传播有限公司,北京,高级Python开发/Python开发,20k-40k,2018-03-05
深圳区块互连科技有限公司,中山,Python工程师,8k-12k,2018-03-05
广东俊特团贷网络信息服务股份有限公司,东莞,Python高级工程师,15k-25k,2018-02-27
广州杰颉软件科技有限公司,北京,Python开发工程师,20k-25k,2018-03-20
上海拓攻机器人有限公司,南京,python工程师,6k-12k,2018-03-20
成都知道创宇信息技术有限公司,成都,服务器端(Python)研发工程师,10k-15k,2018-03-19
北京遥领医疗科技有限公司,北京,Python工程师,10k-18k,2018-03-16
上海一起作业信息科技有限公司,北京,Python开发工程师,15k-30k,2018-03-16
海思林科（北京）信息技术有限公司,北京,python开发工程师,8k-16k,2018-02-28
北京小砖科技有限公司,北京,Python工程师,15k-25k,2018-03-21
杭州顺网科技股份有限公司,成都,Python开发工程师,10k-20k,2018-03-21
大河网络传媒有限公司,郑州,Python,5k-10k,2018-02-24
上海驻云信息科技有限公司,上海,Python开发工程师（实习）,3k-6k,2018-03-20
上海竞界科技有限公司,上海,高级python工程师,20K-30K,2018-03-12
上海道客网络科技有限公司,上海,Python研发工程师,10k-20k,2018-03-21
上海奥飞游戏有限公司,深圳,Python开发工程师,8k-12k,2018-03-19
首汇焦点（北京）科技有限公司,深圳,Python 软件开发工程师,15k-25k,2018-03-21
北京至信普林科技有限公司,北京,Python工程师-金融事业部,10k-20k,2018-03-21
成都萌想科技有限责任公司,成都,高级Python开发工程师,14k-18k,2018-03-20
上海互趣网络科技有限公司,上海,Java/Python资深开发工程师,35k-70k,2018-03-20
内蒙古西贝餐饮连锁有限责任公司,北京,Python高级开发工程师,12k-20k,2018-03-20
百度在线网络技术（北京）有限公司,北京,百度大搜索_PHP/Python研发工程师,15k-30k,2018-03-16
上海思华科技股份有限公司,上海,云计算开发工程师（Python）,12k-24k,2018-03-21
南京网燃网络科技有限公司,苏州,python软件工程师助理/python程序员+双,4k-6k,2018-03-21
宜高美信息服务（成都）有限公司,成都,自动化测试工程师-Python,10k-20k,2018-03-21
杭州飞致云信息科技有限公司,北京,Python研发工程师-北京,5k-10k,2018-03-19
成都路行通信息技术有限公司,成都,中级python研发工程师,8k-15k,2018-03-19
上海哈杜科技有限公司,上海,Python,15k-25k,2018-03-19
上海优刻得信息科技有限公司,上海,初级Python开发工程师,15k-25k,2018-03-15
国信优易数据有限公司,北京,Python开发工程师,10k-15k,2018-03-21
上海趋佳信息科技有限公司,上海,Python研发工程师,15K-22K,2018-03-21
拉扎斯网络科技（上海）有限公司,上海,资深Python工程师,18k-25k,2018-03-20
上海守易信息科技有限公司,上海,python高级工程师,15k-25k,2018-03-20
北京云英传奇技术有限公司,上海,Python开发工程师,17k-25k,2018-03-09
深圳市海视泰科技有限公司,北京,Python,20K-35K,2018-02-24
北京数衍科技有限公司,北京,Python开发工程师,20k-40k,2018-02-23
深圳市一面网络技术有限公司,深圳,Python工程师（数据平台）,15k-30k,2018-03-21
北京蓝沧科技有限公司,北京,中级Python开发工程师,12k-22k,2018-03-21
贵州福农宝农业科技有限公司,厦门,Python工程师,6k-12k,2018-03-20
湖南中名网络科技有限公司,长沙,Python开发工程师,8k-15k,2018-03-17
北京旷视科技有限公司,北京,高级Python后端工程师,20k-35k,2018-03-15
深圳狗尾草智能科技有限公司,上海,高级Python开发工程师,15k-30k,2018-03-14
成都市肆零肆网络科技有限公司,成都,Python高级开发工程师,10k-15k,2018-03-14
广州博冠信息科技有限公司,广州,Python开发工程师-我的世界,12k-18k,2018-03-04
四川海德智和科技有限公司,成都,Python开发工程师,15K-20K,2018-03-01
中至数据集团股份有限公司,南昌,Python开发工程师,6k-8k,2018-02-28
广州博冠信息科技有限公司,广州,Python开发工程师-我的世界,12k-18k,2018-03-04
中至数据集团股份有限公司,南昌,Python开发工程师,6k-8k,2018-02-28
网信集团有限公司,成都,高级python软件工程师，Cryptocurre,15k-30k,2018-03-20
北京汉迪移动互联网科技股份有限公司,北京,Python开发工程师,15k-30k,2018-03-20
东盛华达（武汉）企业管理咨询有限公司,深圳,python,20k-35k,2018-03-19
西安智园软件开发管理有限公司,西安,Python高级工程师,13k-26k,2018-03-16
深圳狗尾草智能科技有限公司,上海,高级Python开发工程师,15k-30k,2018-03-14
东莞市百塔网络科技有限公司,东莞,Python程序员,8k-15k,2018-03-08
北京钱方银通科技有限公司,成都,Python开发工程师（成都）,10k-18k,2018-03-07
四川海德智和科技有限公司,成都,Python开发工程师,15K-20K,2018-03-01
武汉佰钧成技术有限责任公司,郑州,Python高级开发工程师,6K-12K,2018-02-22
维我软件（上海）有限公司北京分公司,北京,Python后端开发工程师,22k-35k,2018-03-21
天聚地合（苏州）数据股份有限公司,苏州,Python开发工程师,8k-15k,2018-03-21
深圳市比量科技传媒有限公司珠海分公司,珠海,Python研发工程师,5k-10k,2018-03-12
北京酷传科技有限公司,北京,python工程师,10k-20k,2018-02-26
上海物思信息科技有限公司,上海,Python研发工程师,4k-6k,2018-02-23
杭州览众数据科技有限公司,杭州,初级Python工程师,8k-13k,2018-03-20
北京奇安信科技有限公司,上海,Python开发工程师,15k-30k,2018-03-06
零氪信息技术（北京）有限公司,北京,Python工程师,15k-30k,2018-03-21
秒秒测科技（北京）有限公司,北京,高级Python工程师,15k-30k,2018-03-20
北京纵情向前科技有限公司,北京,Python开发工程师/爬虫工程师,20k-40k,2018-03-18
上海久耶供应链管理有限公司,西安,高级研发工程师（Python）,10k-15k,2018-03-13
北京爱特曼科技有限公司,北京,高级Python工程师,20k-40k,2018-03-12
湖南潭州教育网络科技有限公司,长沙,Python,8k-16k,2018-03-21
南京网燃网络科技有限公司,无锡,python软件开发助理,3k-6k,2018-03-20
北京易越信息技术有限公司,北京,Python高级开发工程师,15k-25k,2018-03-19
北京闪银奇异科技有限公司,北京,Python开发工程师,18k-35k,2018-03-19
北京有恒科技有限公司,北京,Python研发工程师,15k-30k,2018-03-19
江苏恒云太信息科技有限公司,无锡,Python开发工程师,8k-12k,2018-03-15
行吟信息科技（上海）有限公司,武汉,Python开发工程师,15k-30k,2018-02-23
北京智者天下科技有限公司,成都,Python后端开发工程师,15k-30k,2018-03-21
成都趣乐多科技有限公司,成都,运维&amp;python开发工程师（高级）,8k-15k,2018-03-21
北京坚果金服科技有限公司,北京,Python高级开发工程师,15k-25k,2018-03-15
上海物思信息科技有限公司,上海,Python高级工程师,10k-16k,2018-02-23
明觉科技（北京）有限公司,北京,同质开发工程师（Python开发）,15k-25k,2018-03-20
厦门数析信息科技有限公司,厦门,Python 开发工程师,5k-10k,2018-03-20
广东欧珀移动通信有限公司,深圳,Python工程师（运维平台）,15k-30k,2018-03-14
广州登风网络开发有限公司,广州,Python工程师,3k-5k,2018-03-19
行吟信息科技（上海）有限公司,武汉,Python开发工程师,12k-20k,2018-02-22
上海斗象信息科技有限公司,上海,Python研发实习生,4k-6k,2018-03-21
杭州大搜车汽车服务有限公司,杭州,Python研发工程师（数据平台）,9k-15k,2018-03-21
厦门声连网信息科技有限公司,厦门,python开发工程师,12k-24k,2018-03-20
北京闪银奇异科技有限公司,北京,中高级Python开发,18k-36k,2018-03-19
北京多牛互动传媒股份有限公司,北京,Python开发工程师-爬虫-DNJS0008,12k-24k,2018-02-24
维我软件（上海）有限公司北京分公司,北京,Senior Python Engineer,35k-45k,2018-03-21
维我软件（上海）有限公司北京分公司,北京,Senior Python Engineer,35k-45k,2018-03-21
浙江诚泽金开投资管理有限公司,杭州,运维开发工程师（python）,15k-25k,2018-03-21
北京小度互娱科技有限公司,北京,Python开发实习生,3k-4k,2018-03-21
巴迪艾斯（北京）数据科技有限公司,北京,Python高级开发工程师,15k-20k,2018-03-21
北京南天软件有限公司,北京,高级Python开发工程师,4k-8k,2018-03-21
四川尺素信息技术有限公司,成都,Python/Golang开发实习 - DHT,2k-4k,2018-03-20
深圳码隆科技有限公司,北京,高级python工程师（北京）,25k-40k,2018-03-16
北京博派通达科技有限公司,北京,Python 高级工程师,12k-24k,2018-03-06
北京第三石科技发展有限公司,北京,Python开发工程师（校招）,4k-8k,2018-03-21
飞维美地信息技术（北京）有限公司,北京,资深Python开发工程师,24k-32k,2018-03-20
北京棣南新宇科技有限公司,北京,Python高级开发工程师,15k-20k,2018-03-19
厦门美图之家科技有限公司,深圳,高级Python工程师/架构师,25k-50k,2018-03-06
广州久邦世纪科技有限公司,广州,"python运维研发工程师(zabbix,私有云)",15k-30k,2018-03-20
恒信汽车电子商务有限公司,武汉,Python开发工程师,8k-12k,2018-03-20
深圳微自然创新科技有限公司,深圳,Python工程师,10k-16k,2018-03-20
深圳海链科技有限公司,深圳,Python 后台工程师,20k-35k,2018-03-20
拉扎斯网络科技（上海）有限公司,上海,Python高级开发工程师,15k-30k,2018-03-20
深圳前海星粤文化科技有限公司,武汉,Python程序开发/助理,3k-5k,2018-03-20
广州纳指电子科技有限公司,广州,Python后端开发工程师,6k-12k,2018-03-19
厦门视我科技有限公司,厦门,Python工程师(云计算方向),15k-30k,2018-03-19
杭州橙鹰数据技术有限公司,杭州,Python研发工程师-数据方向,25k-45k,2018-03-02
四川海德智和科技有限公司,成都,Python开发工程师,8k-10k,2018-03-01
生命奇点（北京）科技有限公司,北京,数据工程师-Python,10k-20k,2018-03-21
柔持（北京）科技有限公司,北京,Python后端开发工程师,20k-30k,2018-03-21
深圳市雁联计算系统有限公司,上海,Python开发工程师,10k-17k,2018-03-20
阿里云计算有限公司,北京,基础平台开发工程师C/Go/Python/Java,20k-40k,2018-03-20
中云网安科技（北京）有限公司,北京,资深Python研发工程师,30k-60k,2018-03-16
深圳码隆科技有限公司,深圳,高级python开发工程师（深圳）,20k-40k,2018-03-16
北京闪银奇异科技有限公司,北京,Python开发工程师,18k-35k,2018-03-15
连尚（北京）网络科技有限公司,上海,高级Python开发工程师,20k-35k,2018-03-05
深圳码隆科技有限公司,深圳,高级python开发工程师（深圳）,20k-40k,2018-03-16
北京闪银奇异科技有限公司,北京,Python开发工程师,18k-35k,2018-03-15
连尚（北京）网络科技有限公司,上海,高级Python开发工程师,20k-35k,2018-03-05
重庆誉存大数据科技有限公司,重庆,python后端开发,6k-12k,2018-03-21
上海催米网络科技有限公司,上海,python数据开发工程师,4k-8k,2018-03-21
诺远科技发展有限公司,北京,Python开发工程师,15k-25k,2018-03-19
拉扎斯网络科技（上海）有限公司,上海,高级Python工程师,15k-25k,2018-03-20
人和未来生物科技（长沙）有限公司,长沙,Python工程师,8k-15k,2018-03-20
重庆格泰尚恒网络科技有限公司,重庆,Python开发工程师,10k-18k,2018-03-20
北京三快在线科技有限公司,上海,Python开发主管/经理（运维开发）,18k-35k,2018-03-17
上海天玑科技股份有限公司,杭州,Python开发工程师,10K-20K,2018-03-06
广州博冠信息科技有限公司,广州,Python客户端高级开发工程师,13k-20k,2018-03-21
颉墨（北京）科技有限公司,北京,Python数据开发工程师,15k-25k,2018-03-20
北京灵犀联云科技有限公司,北京,Python专家,20k-40k,2018-03-19
昆明俊云科技有限公司,成都,Python开发工程师,10k-15k,2018-03-14
零氪信息技术（北京）有限公司,天津,Python研发工程师（天津）,10k-20k,2018-03-21
酷转猫友（武汉）科技有限公司,武汉,Python服务器开发,6k-10k,2018-03-21
内蒙古君正互联网小额贷款有限公司,上海,软件工程师（Python方向）,20k-30k,2018-03-21
拉扎斯网络科技（上海）有限公司,上海,Python工程师,15k-25k,2018-03-20
重庆柏思睿特网络安全技术有限公司,重庆,python开发工程师,8k-15k,2018-03-20
北京爱乐宝机器人科技有限公司,北京,Python开发工程师/爬虫工程师,15k-25k,2018-03-20
杭州嘉云数据科技有限公司,杭州,Python开发工程师（2018校招）,10k-15k,2018-03-20
上海医时信息科技有限公司,上海,Python,8k-15k,2018-03-19
北京美眉科技有限公司,北京,python开发公工程师,10k-20k,2018-03-16
北京众标网络科技有限公司上海分公司,上海,python开发工程师,15k-20k,2018-03-16
小明太极（湖北）国漫文化有限公司,武汉,Python工程师,6K-12K,2018-03-02
北京博派通达科技有限公司,北京,Python（模拟请求）,10K-20K,2018-02-23
博瑞天下（北京)科技有限公司,北京,高级后台开发工程师（python）,25k-50k,2018-03-21
蜜柚网络科技（上海）有限公司,上海,Python开发实习生 - 短视频方向,4k-8k,2018-03-21
深圳锚链科技有限公司,深圳,Python初级中级开发,12k-18k,2018-03-21
阳光财产保险股份有限公司,北京,智能工程项目部-Python算法工程师,10k-20k,2018-03-19
厦门渊亭信息科技有限公司,厦门,Python工程师,8k-16k,2018-03-19
深圳市客路网络科技有限公司,深圳,Python后端工程师,13k-25k,2018-03-21
上海泛微网络科技股份有限公司,上海,运维工程师（Python）,8k-13k,2018-03-21
深圳市方舟云数信息科技有限公司,深圳,Python后端工程师,15k-20k,2018-03-20
北京明日虫洞科技有限公司,北京,Python/GO高级工程师,15k-30k,2018-03-16
北京多来点信息技术有限公司,北京,Python后端开发工程师,15k-25k,2018-03-21
北京图森智途科技有限公司,北京,Python后端工程师,11k-20k,2018-03-21
北京心跳时空科技有限公司,北京,Python开发工程师（后端）,20k-30k,2018-03-21
北京千锋互联科技有限公司,武汉,Python讲师,20k-40k,2018-03-21
成都数联铭品科技有限公司,成都,KunLun-系统研发工程师(Go/Python),12k-24k,2018-03-19
上海闹谛畔⒓际跤邢薰司,上海,Python开发工程师,15k-20k,2018-03-19
东莞市米新索思智能科技有限公司,中山,python后端开发工程师,4k-8k,2018-03-21
零氪信息技术（北京）有限公司,北京,Python,13k-20k,2018-03-21
上海触乐信息科技有限公司,上海,后端开发工程师（Python）,15k-30k,2018-03-21
北京千锋互联科技有限公司,西安,python讲师,20k-35k,2018-03-21
上海触乐信息科技有限公司,上海,后端开发工程师（Python）,15k-30k,2018-03-21
北京神州绿盟信息安全科技股份有限公司,西安,python开发实习生（西安）,2k-3k,2018-03-20
杭州嘉云数据科技有限公司,杭州,Python开发工程师（Web方向）,15k-20k,2018-03-20
环球合一网络技术（北京）股份有限公司,北京,python运维开发,10k-15k,2018-03-19
中云网安科技（北京）有限公司,北京,高级Python研发工程师,20k-35k,2018-03-16
成都美洽网络科技有限公司,北京,高级后端开发（python）,20k-40k,2018-03-21
北京友缘在线网络科技股份有限公司,北京,Python高级后端研发工程师,20k-30k,2018-03-20
翼果（深圳）科技有限公司,深圳,Python后台工程师(科技园),15k-30k,2018-03-20
广州弘度信息科技有限公司,广州,Python开发工程师,15k-20k,2018-03-19
北京赛宁网安科技有限公司,北京,中级Python开发工程师,15k-20k,2018-03-16
杭州巴九灵文化创意有限公司,杭州,Python 后端开发工程师,8k-10k,2018-03-21
北京闪银奇异科技有限公司,北京,中高级Python工程师,15k-30k,2018-03-19
沪江教育科技（上海）股份有限公司,上海,Python后端开发工程师 (MJ000606),15k-30k,2018-03-18
京东商城-技术研发体系-大数据部,北京,Python,30k-50k,2018-03-12
北京千锋互联科技有限公司,广州,Python讲师,20k-40k,2018-03-21
北京趣活科技有限公司,北京,Python开发工程师,10k-20k,2018-03-21
深圳市健康阿鹿信息科技有限公司,深圳,Python工程师,15k-25k,2018-03-20
北京闪银奇异科技有限公司,北京,Python 中高级工程师,25k-50k,2018-03-19
深圳市长亮科技股份有限公司,深圳,python开发工程师（运维开发）,10k-20k,2018-03-19
北京超萌国际文化有限公司,北京,高级Python工程师,25k-35k,2018-03-14
车好多旧机动车经纪(北京)有限公司,北京,Python运维开发,15k-30k,2018-03-21
杭州巴九灵文化创意有限公司,杭州,后端工程师―python,10k-15k,2018-03-21
成都美洽网络科技有限公司,北京,中级后端开发（python）,15k-30k,2018-03-21
上海炫体信息科技有限公司,上海,Python,10k-20k,2018-03-21
互道信息技术（上海）有限公司,上海,Python工程师,15k-30k,2018-03-21
广州博冠信息科技有限公司,广州,Python后端高级开发工程师,18k-25k,2018-03-21
广州晨灏科技有限公司,广州,Python后端开发工程师,20k-40k,2018-03-20
上海步捷电器有限公司,北京,Python高级工程师,20k-40k,2018-03-19
长沙恭齐网络科技有限公司,长沙,Python工程师,3k-5k,2018-03-19
北京千锋互联科技有限公司,成都,Python讲师,20k-40k,2018-03-21
长沙恭齐网络科技有限公司,长沙,Python工程师,3k-5k,2018-03-19
浙江力太科技有限公司,武汉,python工程师,15k-30k,2018-03-19
北京字节跳动科技有限公司,上海,高级Python开发工程师,25k-50k,2018-03-05
上海拍拍贷金融信息服务有限公司,上海,大数据研发工程师-python,15k-30k,2018-02-23
上海骞云信息科技有限公司,上海,资深Python开发工程师,18k-36k,2018-03-21
广州萌游网络科技有限公司,广州,Python开发工程师,8k-15k,2018-03-19
上海医时信息科技有限公司,上海,Python高级工程师,15k-30k,2018-03-19
浚皙商务咨询（上海）有限公司,上海,急聘python攻城狮,15k-25k,2018-03-19
威海新蓝信息科技有限公司,威海,python开发程序员/软件工程师,6k-8k,2018-03-13
上海拿米金融信息服务有限公司,上海,大数据应用工程师-Python,20k-40k,2018-03-21
拉扎斯网络科技（上海）有限公司,上海,资深／高级Python工程师,16k-32k,2018-03-20
上海磐途网络科技有限公司,上海,JAVA/PHP/PYTHON开发工程师,10k-15k,2018-03-20
美景听听（北京）科技有限公司,北京,Python高级开发工程师,13k-20k,2018-03-20
成都知道创宇信息技术有限公司,成都,中级服务器端（Python）研发工程师,8k-12k,2018-03-19
北京千锋互联科技有限公司,北京,Python讲师,20k-40k,2018-03-21
北京我爱出行科技服务有限公司,北京,Python开发工程师,15k-20k,2018-03-19
深圳市泽林信息咨询有限公司,深圳,Python讲师,15k-20k,2018-03-21
苏州紫豹科技有限公司,苏州,高级Python工程师,15k-25k,2018-03-21
东吴（苏州）金融科技有限公司,上海,高级Python工程师,15k-30k,2018-03-21
北京搜狐新媒体信息技术有限公司,北京,python运维开发工程师,15k-30k,2018-03-20
成都斯沃茨科技有限公司,成都,Python工程师（急）,7k-10k,2018-03-19
深圳市埃提思科技开发有限公司,深圳,Python,8k-15k,2018-03-19
北京大狼科技有限公司,北京,高级python研发工程师：,20k-35k,2018-03-19
北京神州绿盟信息安全科技股份有限公司,武汉,Python/JAVA研发工程师,8k-15k,2018-03-13
上海斗象信息科技有限公司,上海,高级Python后端研发工程师,15k-30k,2018-03-21
深圳云天励飞技术有限公司,深圳,Python后端工程师A,15k-30k,2018-03-18
成都好房通科技股份有限公司,成都,Python,4k-7k,2018-02-24
深圳网脊科技开发有限公司,深圳,python高级开发工程师,15k-20k,2018-03-21
阿里云计算有限公司,杭州,基础平台开发工程师C/Go/Python/Java,20k-40k,2018-03-20
印孚瑟斯技术（中国）有限公司,深圳,python开发工程师,12k-15k,2018-03-19
上海岛昌爱佳医学科技股份有限公司,上海,Python开发工程师,15k-20k,2018-03-15
深圳市铺铺旺电子商务有限公司,深圳,Python高级工程师 （后台开发）,12k-20k,2018-03-21
成都知道创宇信息技术有限公司,成都,Python 开发实习生,3k-4k,2018-03-21
深圳市正易龙科技有限公司,深圳,PYTHON开发工程师,12k-20k,2018-03-21
广州棒谷科技股份有限公司,广州,人工智能部后台工程师-Python方向,10k-20k,2018-03-19
北京聚力维度科技有限公司,北京,python后端开发工程师,15k-25k,2018-03-19
深圳小步网络科技有限公司,深圳,Python后台开发工程师,15k-30k,2018-03-19
广州百伦贸易有限公司,广州,Python 高级Web开发工程师,12k-15k,2018-03-21
小叶子（北京）科技有限公司,北京,python实习生,4k-5k,2018-03-21
北京网融天下金融信息服务有限公司,北京,python开发工程师,10k-20k,2018-03-21
北京减脂时代科技有限公司,北京,python后端高级开发工程师,15k-30k,2018-03-20
上海戎磐网络科技有限公司,上海,Python开发（环境好，氛围好）,8k-14k,2018-03-20
浙江日报报业集团,杭州,Python工程师,8k-16k,2018-03-14
上海易路软件有限公司,上海,Python高级开发工程师,15k-20k,2018-02-28
上海易路软件有限公司,上海,Python高级开发工程师,15k-20k,2018-02-28
北京我最在行信息技术有限公司,北京,Python后端工程师,15k-25k,2018-03-21
上海隆达软件股份有限公司,上海,Python工程师,15k-30k,2018-03-14
深圳市编玩边学教育科技有限公司,深圳,课程设计师（python）,7k-12k,2018-03-21
北京心跳时空科技有限公司,北京,Python后端工程师,20k-30k,2018-03-21
北京聚力创联电子商务有限公司,北京,Python Web 高级开发工程师,15k-25k,2018-03-21
深圳市泛娱科技有限公司,深圳,高级运维开发工程师(Python),15k-25k,2018-03-21
混沌时代（北京）教育科技有限公司,北京,python后台开发工程师,20k-40k,2018-03-21
惠开心（北京）科技有限公司,北京,Python高级开发工程师,15k-30k,2018-03-12
上海成圣信息技术有限公司,上海,python工程师,15k-25k,2018-03-01
原子链（北京）科技有限公司,北京,Python工程师,15K-30K,2018-02-21
上海骞云信息科技有限公司,上海,Python开发,12k-24k,2018-03-21
上海拿米金融信息服务有限公司,上海,大数据应用工程师-Python,20k-40k,2018-03-21
北京思维造物信息科技有限公司,北京,Python后端开发工程师,15k-30k,2018-03-20
四川尺素信息技术有限公司,成都,Python/Golang开发工程师 - DHT,6k-12k,2018-03-20
四川尺素信息技术有限公司,成都,Python/Golang开发工程师 - DHT,6k-12k,2018-03-20
深圳晶泰科技有限公司,北京,Python开发实习生,3k-5k,2018-03-20
深圳米筐科技有限公司,深圳,Python后台开发/数据平台 资深工程师,25k-30k,2018-03-20
酷转猫友（武汉）科技有限公司,武汉,Python服务器开发,10k-20k,2018-03-15
上海星双健投资管理有限公司,北京,Python高级开发工程师,20k-40k,2018-03-15
北京米饭粒科技有限公司,北京,高级Python工程师,10k-12k,2018-03-07
北京千锋互联科技有限公司,深圳,Python讲师,15k-30k,2018-03-21
成都市米彩科技有限公司,成都,Python讲师,10k-20k,2018-03-21
互道信息技术（上海）有限公司,上海,Python开发,10k-20k,2018-03-21
厦门芭果网络科技有限公司,厦门,Python/JAVA开发工程师,6k-10k,2018-03-20
拉扎斯网络科技（上海）有限公司,上海,Python开发工程师,13k-26k,2018-03-20
北京嘀嗒时代科技有限公司,北京,python工程师,10k-15k,2018-03-19
比一比网络科技有限公司,深圳,python采集工程师,8k-11k,2018-03-14
优台科技有限公司,北京,python开发工程师,15k-30k,2018-02-24
上海致趣广告有限公司,北京,Python开发,8k-15k,2018-03-21
顺丰科技有限公司,深圳,GIS平台JAVA工作流与PYTHON脚本高级研发,15k-30k,2018-03-16
北京多牛互动传媒股份有限公司,北京,Python开发工程师-web,12K-24K,2018-03-12
深圳市狮子座信息技术有限公司,深圳,Python开发工程师,15k-20k,2018-03-05
上海道客网络科技有限公司,上海,Python开发实习生,5k-10k,2018-03-21
美联物业代理(深圳)有限公司,深圳,Python,15k-25k,2018-03-20
杭州云汽配配科技有限公司,杭州,python工程师,18k-30k,2018-03-19
北京小米科技有限责任公司,北京,Python开发工程师-小米电视,15k-25k,2018-03-13
中科视拓（北京）科技有限公司,杭州,Python工程师,8k-16k,2018-03-09
医渡云（北京）技术有限公司,北京,Python云计算研发工程师,15k-30k,2018-03-02
北京比特世纪科技有限公司,北京,Python开发工程师,15k-25k,2018-02-24
上海泛微网络科技股份有限公司,上海,运维工程师（python方向）,7k-12k,2018-03-21
上海磐闻荷信息科技有限公司,上海,高级Python软件开发工程师[闵行],12k-24k,2018-03-19
北京升哲科技有限公司,北京,高级Python后端研发工程师,15k-25k,2018-03-15
成安（北京）科技发展有限公司,北京,高级Python开发工程师,30k-40k,2018-03-14
深圳浩瀚星际网络科技有限公司,深圳,高级Python工程师,15k-30k,2018-03-08
北京多牛互动传媒股份有限公司,北京,Python开发工程师-爬虫,13K-25K,2018-02-22
瓦戈科技（上海）有限公司,北京,Python,12k-24k,2018-02-26
北京雷石世纪科技有限公司,北京,python工程师,10k-20k,2018-02-23
酷转猫友（武汉）科技有限公司,武汉,java/python服务器开发工程师,15K-25K,2018-03-21
上海数禾信息科技有限公司,上海,Python 高级开发工程师,15k-30k,2018-03-21
北京源石智影科技有限公司,北京,资深应用开发工程师（Python语言）,20k-40k,2018-03-20
店商互联（北京）科技发展有限公司,北京,Python高级开发工程师,15k-25k,2018-03-20
上海酷耐络科技有限公司,上海,python 开发工程师,10k-20k,2018-03-15
车好多旧机动车经纪(北京)有限公司,北京,云平台开发Python、Go,20k-40k,2018-03-21
北京广通信达软件股份有限公司杭州分公司,杭州,高级Python开发工程师,10k-20k,2018-03-21
源杉信息技术（上海）有限公司,上海,Python后端工程师,15k-30k,2018-03-21
观澜网络（杭州）有限公司,杭州,Python工程师,9k-18k,2018-03-12
北京金风科创风电设备有限公司,北京,2018研发-Python 开发工程师J13163,13k-23k,2018-02-24
广州云移信息科技有限公司深圳分公司,深圳,python开发工程师（中/高级）,13k-25k,2018-03-19
印孚瑟斯技术（中国）有限公司,深圳,Python开发工程师,10k-20k,2018-03-19
深圳市彼图恩科技有限公司,深圳,Python高级开发工程师,20k-40k,2018-03-06
一土(北京)网络科技有限公司,北京,Python 开发工程师,15k-30k,2018-03-06
北京智辉空间科技有限责任公司,北京,Python后台开发工程师,10k-20k,2018-03-21
深圳瀚德金融科技控股有限公司,深圳,Python数据开发工程师（数据平台）-XWJF,15k-25k,2018-03-21
北京五八到家信息技术有限公司,北京,中、高级运维研发工程师(Python),15k-30k,2018-03-20
杭州逐影科技有限公司,杭州,Python后端工程师,10k-20k,2018-03-17
分享人本信息技术有限公司,北京,高级python开发工程师,15K-30K,2018-03-09
大连智趣信息技术有限公司,大连,Python / PHP 后端开发工程师,4k-8k,2018-03-03
沈阳尚观云科技有限公司,沈阳,python开发工程师,6K-10K,2018-02-24
再惠（上海）网络科技有限公司,上海,后端（Python）开发工程师,16k-32k,2018-03-20
北京友缘在线网络科技股份有限公司,北京,资深Python/Java开发工程师（偏架构方向）,20k-30k,2018-03-20
北京无限讯奇信息技术有限公司,北京,中级Python开发,12k-17k,2018-03-20
混沌时代（北京）教育科技有限公司,北京,python后台开发工程师,20k-40k,2018-03-20
上海拿米金融信息服务有限公司,上海,大数据应用工程师-Python,20k-35k,2018-03-19
上海茗日智能科技有限公司,上海,高级Python工程师,18K-35K,2018-03-16
深圳市彼图恩科技有限公司,深圳,Python高级开发工程师,20k-40k,2018-03-06
杭州博博科技有限公司,杭州,python工程师,12k-18k,2018-03-10
北京奇安信科技有限公司,北京,python 开发工程师,15k-30k,2018-03-05
海南大云科技有限公司,北京,Python高级工程师,15K-25K,2018-02-28
杭州小码教育科技有限公司,杭州,python课程研发,20k-25k,2018-03-21
北京至信普林科技有限公司,北京,后台工程师（Python）-金融事业部,13k-25k,2018-03-21
杭州帕拉迪网络科技有限公司,杭州,Python开发工程师,5k-10k,2018-03-20
翼果（深圳）科技有限公司,深圳,Python资深后台工程师(科技园),25k-50k,2018-03-20
上海微麦电子商务发展有限公司,上海,python开发实习生,4k-8k,2018-03-16
北京今朝勇创科技有限公司,武汉,python 工程师,8k-10k,2018-03-15
爱因互动科技发展（北京）有限公司,北京,python开发工程师,15k-30k,2018-02-22
重庆维普资讯有限公司,重庆,python研发工程师,8k-10k,2018-03-21
北京天融信网络安全,北京,python开发工程师,10k-15k,2018-03-21
深圳市前海汇流信息科技有限公司,深圳,Python研发工程师,13k-25k,2018-03-21
北京汉迪移动互联网科技股份有限公司,北京,Python开发工程师,15k-30k,2018-03-20
广州杰颉软件科技有限公司,北京,python工程师（北京）,10k-15k,2018-03-20
杭州云霁科技有限公司,杭州,Python开发工程师,10k-20k,2018-03-20
佛山市宝诗龙精密五金有限公司,广州,Python开发,7k-11k,2018-03-07
深圳合纵能源技术有限公司,深圳,Python开发工程师,8k-15k,2018-03-21
深圳市铭B网络科技有限公司,深圳,Python高级开发工程师,15k-23k,2018-03-20
弘则弥道（上海）投资咨询有限公司,上海,Python开发工程师,10k-20k,2018-03-19
武汉安天信息技术有限责任公司,武汉,Python实习（可留用）,2k-3k,2018-03-16
网宿科技股份有限公司北京分公司,厦门,Python后端开发工程师,8k-15k,2018-03-09
北京链上科技有限责任公司,北京,GO+Python,15k-25k,2018-02-27
广州逗号智能零售有限公司,广州,Python应用工程师（业务系统方向）,10k-18k,2018-03-21
武汉研众科技有限公司,武汉,Python,5k-10k,2018-03-21
北京升哲科技有限公司,北京,高级Python后端研发工程师,15k-25k,2018-03-15
金钥匙（天津）电子商务有限公司,天津,PHP/Python研发工程师,8k-10k,2018-03-14
上海炫体信息科技有限公司,上海,Python（年轻人的狂欢）,12k-20k,2018-03-21
深圳米筐科技有限公司,深圳,PYTHON数据工程师,7k-9k,2018-03-20
广州杰颉软件科技有限公司,广州,Python工程师,15k-20k,2018-03-20
上海炫体信息科技有限公司,上海,Python（年轻人的狂欢）,12k-20k,2018-03-21
北京天广汇通科技有限公司成都分公司,成都,python高级工程师,15k-25k,2018-03-19
合肥耐兮信息科技有限公司,合肥,高级Python开发,12k-24k,2018-03-16
北京光辉创赢信息技术有限公司,南京,python开发,7k-12k,2018-03-16
上海理想信息产业（集团）有限公司,北京,高级python研发工程师,16k-20k,2018-03-15
深圳光启超材料技术有限公司,深圳,python开发工程师,15k-25k,2018-03-15
深圳市盖威科技有限公司,深圳,python后台开发工程师,18k-30k,2018-02-25
北京小米科技有限责任公司,北京,Python开发工程师-小米电视,15k-30k,2018-03-21
零氪信息技术（北京）有限公司,北京,Python工程师（北京）,15k-25k,2018-03-21
智言科技(深圳)有限公司,深圳,高级python开发工程师/专家,15k-30k,2018-03-21
深圳市网心科技有限公司,深圳,后台开发工程师Python/go,18k-36k,2018-03-19
北京畅游天下网络技术有限公司,北京,Python运维开发工程师,20k-25k,2018-03-16
深圳市彼图恩科技有限公司,深圳,Python高级开发工程师,20k-40k,2018-03-06
上海晨芽教育科技有限公司,上海,服务端研发工程师 - Python,15k-30k,2018-03-02
广州杰颉软件科技有限公司,广州,Python工程师,10k-15k,2018-03-20
上海晨芽教育科技有限公司,上海,服务端研发工程师 - Python,15k-30k,2018-03-02
深圳狗尾草智能科技有限公司,深圳,高级Python后端开发工程师,20k-40k,2018-03-14
程创（北京）科技有限公司,北京,Python,15k-20k,2018-03-08
浙江胄天科技股份有限公司,杭州,Python,15k-25k,2018-03-21
上海叠念信息科技有限公司,上海,Python开发工程师,7k-12k,2018-03-19
北京千锋互联科技有限公司,青岛,Python讲师,20k-40k,2018-03-16
北京犀牛瀚海科技有限责任公司,北京,Python,25K-50K,2018-03-08
北京智者天下科技有限公司,北京,安全开发工程师（安全方向 Python 开发）,15k-30k,2018-03-20
北京高梓行远科技有限公司,北京,Python开发工程师,15k-30k,2018-03-19
酷转猫友（武汉）科技有限公司,武汉,python后端开发,7K-14K,2018-03-15
杭州神中科技有限公司,杭州,Python,8k-15k,2018-03-15
北京升哲科技有限公司,北京,高级Python后端开发工程师,15k-30k,2018-03-14
中国信息通信研究院,深圳,python开发实习生,2K-3K,2018-02-28
北京人和易行科技有限公司,北京,python(odoo开发工程师),15k-30k,2018-02-27
浙江诚泽金开投资管理有限公司,苏州,Python工程师（运维开发）,10k-20k,2018-03-13
北京聚齐众兴网络科技有限公司,北京,高级Python工程师,20k-35k,2018-03-12
上海美旦信息技术有限公司,上海,python开发工程师,15K-25K,2018-03-09
农旗科技（北京）有限公司,济南,Python高级工程师,8k-12k,2018-02-22
北京棕榈创想科技有限公司,北京,PHP ／Python 后端研发工程师,15K-25K,2018-03-20
深圳市木浪云数据有限公司,深圳,Python,10k-15k,2018-03-19
慧泽商通（北京）科技有限公司,北京,Python开发工程师,10k-20k,2018-03-01
路书（北京）科技有限公司,北京,高级python研发工程师,25k-40k,2018-03-09
上海博煊资产管理有限公司,上海,Python/Web开发工程师,20k-40k,2018-02-27
北京传奇极客管理咨询有限公司,北京,Python后端,12k-18k,2018-03-21
北京云霁网络科技有限公司,杭州,Python开发工程师,10k-20k,2018-03-20
厦门市咕啦电子商务有限责任公司,厦门,Python开发,6k-10k,2018-03-19
成都斯沃茨科技有限公司,成都,Python后端开发（实习）,2k-3k,2018-03-19
上海企企网络科技有限公司,上海,Python工程师,10k-20k,2018-03-19
北京小叶科技有限公司,北京,Python研发工程师,20K-30K,2018-02-26
翼果（深圳）科技有限公司,深圳,Python高级后台工程师(科技园),20k-40k,2018-03-20
西安极互云网络科技有限公司,西安,Python开发,5K-10K,2018-03-20
上海数腾软件科技有限公司,上海,python高级工程师,15k-25k,2018-03-12
阿基米德（上海）传媒有限公司,上海,python高级大数据开发工程师,15k-30k,2018-03-21
北京陌上花科技有限公司,北京,Python开发工程师（推荐系统）,18k-35k,2018-03-21
北京行数通科技有限公司,北京,Python算法工程师,15k-30k,2018-03-20
珠海海富思科技有限公司,珠海,Python 后端开发工程师,8k-15k,2018-03-19
北京弘亚世纪投资顾问有限公司上海分公司,上海,Python开发工程师,10k-20k,2018-03-16
北京知新树科技有限公司,北京,北京-python 讲师,15k-25k,2018-03-06
北京大圣互动科技有限公司,北京,Python开发工程师,10k-20k,2018-03-21
南京厚建软件有限责任公司,南京,Python软件开发工程师,7k-14k,2018-03-20
上海犀语科技有限公司,上海,高级Python工程师,15k-25k,2018-03-14
再惠（上海）网络科技有限公司,上海,后端开发工程师（Python）,16k-32k,2018-02-28
财税智库(北京)大数据科技股份有限公司,北京,Python软件开发工程师,20k-40k,2018-03-21
上海十露盘科技有限公司,上海,Python工程师/ 爬虫工程师,15k-25k,2018-03-19
北京博派通达科技有限公司,北京,Python 高级工程师（模拟请求方向）,12k-24k,2018-03-06
云量科技（北京）有限责任公司,北京,Python开发工程师,10k-15k,2018-03-21
深圳市编玩边学教育科技有限公司,深圳,代码编程老师（Python）,8k-15k,2018-03-21
深圳市傲天科技股份有限公司,深圳,Python开发运维工程师,8k-15k,2018-03-20
泰州医药城博奥邦科生物科技有限公司,苏州,python开发工程师,8k-15k,2018-03-19
深圳市巅峰电竟信息技术有限公司,深圳,python开发高级工程师,20k-30k,2018-03-19
北京中公教育科技股份有限公司,北京,Python讲师,15k-30k,2018-03-16
彩讯科技股份有限公司,广州,Python开发工程师,7k-11k,2018-03-21
北京清华同衡规划设计研究院有限公司,北京,python web 开发工程师,15k-25k,2018-03-21
北京云灵网络科技有限公司,北京,Python开发工程师,10k-20k,2018-03-21
蓝信移动（北京）科技有限公司,北京,Python运维开发经理,18k-30k,2018-03-20
广州夕夕之由网络科技有限公司,广州,Python开发,3k-5k,2018-03-20
北京路玺优讯科技有限公司,北京,Python开发工程师,20k-30k,2018-03-15
深圳库尚信息技术有限公司,深圳,Python开发工程师（内部系统开发）,10k-20k,2018-03-19
深圳市魔方安全科技有限公司,深圳,Python 研发工程师,7k-12k,2018-03-21
上海烨云信息科技有限公司,上海,高级Python软件开发工程师,10k-20k,2018-03-20
北京大讲台科技有限公司,北京,python、人工智能讲师,6k-12k,2018-03-16
近邻宝科技有限公司,北京,Python研发工程师,10K-15K,2018-03-14
广东咏声动漫股份有限公司,广州,Python开发工程师,10k-16k,2018-02-27
生命奇点（北京）科技有限公司,北京,大数据平台开发工程师 Java/Python,10k-20k,2018-03-21
上海天泰网络技术有限公司,上海,Python软件工程师,10k-15k,2018-03-20
北京知藏云道科技有限公司,上海,Python算法高级工程师,22k-30k,2018-03-17
北京涵德投资管理有限公司,北京,Python开发工程师,7k-14k,2018-03-19
北京新意互动广告有限公司,北京,python实习生,3k-4k,2018-03-14
魔珐（上海）信息科技有限公司,上海,Python后端开发工程师,15k-30k,2018-03-10
北京千锋互联科技有限公司,北京,python讲师,20k-40k,2018-02-24
北京步鼎方舟科技有限公司,北京,Python架构师,30k-35k,2018-03-21
上海穰川信息技术有限公司,上海,Python开发工程师,10k-15k,2018-03-20
北京数智源科技股份有限公司,北京,Python开发工程师,13k-26k,2018-03-20
广州胖虾网络科技有限公司,广州,Python开发工程师,3k-5k,2018-03-19
上海掘东信息技术有限公司,上海,Python 开发工程师,14k-28k,2018-03-14
深圳宸睿科技有限公司,深圳,Python工程师,9k-16k,2018-03-05
广州博冠信息科技有限公司,广州,Python客户端高级开发工程师（我的世界）,12k-20k,2018-02-27
北京闪银奇异科技有限公司,北京,web端Python开发工程师,15k-30k,2018-03-19
北京奥鹏远程教育中心有限公司,北京,Python 讲师,16k-32k,2018-02-26
杭州云脑科技有限公司,北京,Python工程师,10k-20k,2018-02-22
杭州安恒信息技术有限公司,杭州,python,10k-20k,2018-03-21
广州机智云物联网科技有限公司,广州,python开发,10k-15k,2018-03-21
北京天润融通科技有限公司,北京,python开发实习生,4k-8k,2018-03-20
沈阳博之众科技有限公司,沈阳,Python方向讲师,8k-10k,2018-03-08
上海微科数据科技有限公司,上海,Python软件工程师,10k-20k,2018-02-27
上海云深网络技术有限公司,上海,Python开发工程师,7k-14k,2018-03-21
北明软件有限公司,北京,python工程师,10k-15k,2018-03-21
上海宏第网络科技有限公司,上海,python开发工程师,4k-6k,2018-03-19
深圳市木浪云数据有限公司,深圳,高级Python工程师,15k-25k,2018-03-19
雷技信息技术（上海）有限公司,南京,Python 开发工程师,10k-15k,2018-03-15
深圳安讯通达科技有限公司,深圳,Python开发工程师,5k-10k,2018-03-09
杭州一脉网络科技有限公司,杭州,Python 工程师,10k-20k,2018-02-28
携程计算机技术（上海）有限公司,上海,Python开发工程师,15k-25k,2018-02-22
苏州体素信息科技有限公司,上海,Python后端工程师,20k-30k,2018-03-20
北京晟程华科教育科技有限公司,北京,python讲师,30k-50k,2018-03-20
北京智融时代科技有限公司,北京,python研发工程师（抓取平台开发方向）,20k-40k,2018-03-20
北京爱康国宾西内门诊部有限公司,厦门,嗣衡Python,9k-12k,2018-03-13
北京四通工控技术有限公司,北京,Python程序员,8K-15K,2018-02-28
北京千锋互联科技有限公司,成都,python讲师,20k-40k,2018-02-22
广州鼎甲计算机科技有限公司,成都,Python开发工程师,8k-10k,2018-03-19
北京闪银奇异科技有限公司,北京,Python 数据开发工程师,20k-40k,2018-03-19
上海一起作业信息科技有限公司,北京,python后端开发工程师,20k-40k,2018-03-16
飞榴（上海）信息科技有限公司,上海,Python开发工程师,10k-20k,2018-03-14
云数信息科技（深圳）有限公司,深圳,Python 开发工程师,9k-18k,2018-03-21
北京千锋互联科技有限公司,上海,python讲师,20k-40k,2018-02-22
阿里巴巴（中国）网络技术有限公司,北京,Python高级工程师,20k-40k,2018-03-19
北京字节跳动科技有限公司,上海,Python开发实习生-短视频方向,4k-8k,2018-03-13
南京贝优教育科技有限公司,南京,python工程师,15k-25k,2018-03-12
北京破晓互动科技有限责任公司,北京,python开发,15k-25k,2018-03-08
万兴科技股份有限公司,深圳,Python 高级软件工程师,15k-25k,2018-03-07
广州博冠信息科技有限公司,杭州,Python服务端开发工程师,15k-25k,2018-03-01
天津市正标津达线缆有限公司,天津,Python工程师,10K-15K,2018-03-01
北京硬球科技有限公司,北京,Python服务器开发高级工程师,20k-40k,2018-03-21
北京凌云雀科技有限公司,北京,Python,13k-25k,2018-03-20
深圳微品致远信息科技有限公司,武汉,python开发工程师,7k-14k,2018-03-20
店商互联（北京）科技发展有限公司,北京,Python开发工程师,8k-15k,2018-03-20
深圳市前海牛宽信息科技有限公司,深圳,Python工程师,20k-40k,2018-03-07
上海享衣信息科技有限公司,上海,中/高级Python工程师,20k-40k,2018-03-05
广东科达洁能股份有限公司,深圳,Python开发工程师（WEB方向）,8k-15k,2018-03-21
北京千锋互联科技有限公司,成都,python讲师,20k-40k,2018-02-22
昆山搜立方企业管理咨询有限公司,上海,高级Python研发工程师,20k-30k,2018-03-21
广州润普网络科技有限公司,广州,Python开发工程师,6k-12k,2018-03-20
武汉卓翰网络科技有限公司,武汉,Python研发工程师,15k-25k,2018-03-20
海南元游信息技术有限公司广州分公司,广州,python运维开发,10k-18k,2018-03-15
广州嘉为科技咨询有限公司,广州,Python开发工程师（广深）,13k-20k,2018-03-06
广州英荔教育科技有限公司,广州,Python软件工程师,7k-14k,2018-03-21
北京源石智影科技有限公司,北京,资深云系统后端开发工程师（Python语言）,20k-40k,2018-03-20
成都微银合创科技有限公司,成都,Python开发工程师,4k-8k,2018-03-20
北京淘乐创想科技有限公司,杭州,Python开发工程师,10k-20k,2018-03-20
上海勃池信息技术有限公司,上海,Python开发工程师,10k-20k,2018-03-20
上海见寻文化创意有限公司,上海,Python 研发工程师,12k-24k,2018-03-16
陕西联云数据技术服务有限公司,杭州,Python开发工程师,10k-15k,2018-03-12
上海寻梦信息技术有限公司,上海,高级Python开发工程师,20k-40k,2018-03-18
北京新工场投资顾问有限公司,北京,高级python开发工程师,15k-30k,2018-03-21
北京新工场投资顾问有限公司,北京,高级python开发工程师,15k-30k,2018-03-21
北京东方联盟科技有限公司,北京,Python 后端开发工程师,20k-40k,2018-03-19
北京墨云科技有限公司,北京,Python后端开发工程师,15k-30k,2018-03-19
北京小米科技有限责任公司,北京,Python开发工程师,15k-30k,2018-03-19
思派（北京）网络科技有限公司,北京,python工程师,10k-20k,2018-03-19
北京棕榈创想科技有限公司,北京,Python大数据开发工程师,25k-50k,2018-03-16
顺丰科技有限公司,深圳,Python开发,20k-30k,2018-03-19
广州亿牛信息科技有限公司,广州,Python开发工程师,10k-20k,2018-03-19
北京奥鹏远程教育中心有限公司,北京,Python讲师,10k-20k,2018-03-14
平安银行股份有限公司,上海,Python开发,15k-30k,2018-03-02
北京合金理财科技有限公司,北京,Python开发工程师,10k-20k,2018-02-26
上海泛微网络科技股份有限公司,上海,运维工程师（python自动化运维）,6k-12k,2018-03-21
南京赛宁信息技术有限公司,南京,Python开发工程师,8k-12k,2018-03-20
浪潮通用软件有限公司深圳研发中心,深圳,python开发工程师,11k-18k,2018-03-19
杭州飞享数据技术有限公司,杭州,Python开发工程师,15k-30k,2018-03-19
广州回头车信息科技有限公司,广州,python开发工程师,12k-16k,2018-03-19
上海数旦信息技术有限公司,上海,Python开发工程师,9k-14k,2018-03-19
乾康（上海）金融信息服务有限公司,西安,python 程序员,8k-15k,2018-03-19
广州米多网络科技有限公司,广州,Python工程师,8k-15k,2018-03-19
西安图迹信息科技有限公司北京分公司,西安,python开发,5k-8k,2018-03-19
某国际控股集团,武汉,python,9k-16k,2018-03-06
广州市液态水软件科技有限公司,广州,Python工程师,20k-40k,2018-02-28
生命奇点（北京）科技有限公司,北京,大数据工程师――python,10k-20k,2018-03-21
深圳市透明伞科技有限公司,深圳,python后台开发工程师,20k-40k,2018-03-21
广州森迪信息科技有限公司,上海,Python开发工程师,3k-5k,2018-03-19
高升控股股份有限公司,上海,python开发工程师,15k-25k,2018-03-19
杭州心书网络科技有限公司,杭州,python开发工程师,12k-18k,2018-03-19
杭州默安科技有限公司,杭州,Python开发,12k-24k,2018-03-15
上海懿天网络科技有限公司,上海,Python图像处理开发工程师,15k-25k,2018-03-20
北京智融时代科技有限公司,北京,python开发实习生,6k-9k,2018-03-20
北京智融时代科技有限公司,北京,python开发实习生,6k-9k,2018-03-20
上海数旦信息技术有限公司,上海,Python开发高级工程师,15k-30k,2018-03-19
中国电信股份有限公司云计算分公司,北京,Web开发全栈工程师-python方向,13k-25k,2018-03-16
北京布雷恩英商务咨询有限公司,北京,Python工程师／机器学习工程师,18k-25k,2018-03-14
武汉云笔记文化发展有限公司,武汉,python高级开发工程师,10K-15K,2018-03-09
微诺时代（北京）科技股份有限公司,北京,Python研发工程师,10k-15k,2018-03-19
北京闪银奇异科技有限公司,北京,高级服务器端Python工程师,30k-45k,2018-03-19
上海胜日信息科技有限公司,深圳,python开发工程师,15k-20k,2018-03-16
阿里云计算有限公司,杭州,高级Java/Python开发工程师,20K-35K,2018-02-24
沈阳智谷大数据发展有限公司,沈阳,Python讲师,8k-10k,2018-03-19
深圳市瑞驰信息技术有限公司,深圳,python开发工程师,6k-12k,2018-03-14
西安美吉健电子商务有限公司,西安,Python开发,5k-10k,2018-03-19
北京优客互动信息技术有限公司,北京,Python研发工程师,10k-20k,2018-03-19
浙江同花顺基金销售有限公司,杭州,Python开发,15k-30k,2018-03-19
漫动互通网络科技（北京）有限公司,北京,python,10k-15k,2018-03-19
上海泛微网络科技股份有限公司,上海,运维工程师（python自动化运维）,7k-12k,2018-03-21
大连允执科技有限公司,大连,python实习生,1k-2k,2018-03-21
广州纷可网络有限公司,广州,Python开发工程师,10k-15k,2018-03-19
北京金色前程咨询有限公司,北京,高级Python研发工程师,20k-40k,2018-03-19
深度好奇（北京）科技有限公司,北京,Python工程师,6k-12k,2018-03-18
南京云思创智信息科技有限公司,南京,Python开发工程师,15k-20k,2018-03-03
上海海同优才教育培训有限责任公司,上海,Python教员/讲师,10k-20k,2018-03-19
执鼎医疗科技（杭州）有限公司,杭州,python开发工程师,10k-15k,2018-03-01
北京金城达林医疗科技有限责任公司,北京,高级开发（python）,15k-30k,2018-03-01
北京罗威亚科技有限公司,北京,Python【实习生】,5k-10k,2018-02-27
深圳市车信数据技术服务有限公司,北京,python工程师,8k-12k,2018-02-26
成都美洽网络科技有限公司,北京,初级后端开发（python）,8k-15k,2018-03-21
北京果壳互动科技传媒有限公司,北京,后端技术经理（Python web）,20k-40k,2018-03-21
四川万众启源信息技术有限公司,成都,Python,5k-10k,2018-03-19
深圳市金未来信息技术有限公司,深圳,Python研发工程师,6k-12k,2018-03-19
广州登风网络开发有限公司,广州,Python开发工程师,4k-6k,2018-03-19
成都励慧网络科技有限公司,成都,Python开发工程师,10k-15k,2018-03-19
洛克人（北京）智能科技有限公司,北京,Python开发工程师,15k-25k,2018-03-02
深圳淘乐网络科技有限公司,深圳,python开发（游戏客户端）,5k-9k,2018-03-21
成都亚然科技中心,成都,Python django 开发工程师,5k-8k,2018-03-19
北京智慧星光信息技术有限公司,北京,初级python工程师,4k-8k,2018-03-12
深圳市迈卡网络科技有限公司,深圳,Python开发工程师,8k-12k,2018-03-06
厦门睿客科技,厦门,运维工程师-Python,6k-10k,2018-02-28
北京时银传媒有限公司,北京,Python高级开发工程师,15k-20k,2018-02-26
广州唯品会信息科技有限公司,北京,资深Python,25K-50K,2018-02-26
拉扎斯网络科技（上海）有限公司,上海,高级 Python 开发工程师 （服务框架开发）,15k-25k,2018-03-20
上海迈外迪网络科技有限公司,上海,高级Python工程师,12k-22k,2018-03-16
广州智度网络科技有限公司,广州,数据库开发+Python,6k-8k,2018-03-15
杭州天猪科技有限公司,杭州,Python开发工程师,7k-10k,2018-02-27
芒果网有限公司,深圳,Python后台开发,20k-30k,2018-03-21
北京中科物安科技有限公司,西安,高级python开发工程师,12k-15k,2018-03-21
广东紫晶信息存储技术股份有限公司,广州,python工程师,8k-15k,2018-03-19
厦门瑞璞软件科技有限公司,厦门,Python高级工程师,8k-16k,2018-03-10
广州市液态水软件科技有限公司,广州,Python工程师,15k-25k,2018-02-24
北京陌陌科技有限公司,北京,Python高级/中级研发工程师(安全方向),20k-40k,2018-03-21
杭州大搜车汽车服务有限公司,杭州,Python研发工程师（爬虫方向）,9k-15k,2018-03-21
北京弘合柏基金融信息服务有限责任公司,北京,产品经理（数据方向 会R/Python）,8k-12k,2018-03-20
深圳酷竞科技有限公司,深圳,Python开发工程师,10k-15k,2018-03-12
杭州轻触科技有限公司,上海,python开发工程师,10k-20k,2018-03-12
平安银行股份有限公司,上海,工具开发工程师(Python),10k-20k,2018-03-02
北京美灿科技有限公司,北京,Python工程师（有股票）,15k-30k,2018-03-20
飞维美地信息技术（北京）有限公司,北京,资深Java/Python/C#/PHP开发,27k-32k,2018-03-20
北京传智播客教育科技有限公司,北京,python导师J10091,16k-30k,2018-03-05
北京京东世纪贸易有限公司,北京,高级Python研发工程师（机器学习业务方向）,18k-30k,2018-03-21
善林（上海）金融信息服务有限公司,上海,量化开发工程师-Python（区块链）,15k-25k,2018-03-20
深圳酷竞科技有限公司,深圳,Python开发工程师,10k-20k,2018-03-12
奇虎360科技有限公司,北京,Python开发工程师,15k-30k,2018-03-14
成都延信科技有限公司,长沙,python服务的研发工程师,8K-12K,2018-03-13
中山利保机器人有限公司,珠海,python /PHP开发工程师,10k-18k,2018-03-06
北京八维研修学院,北京,Python讲师,15K-25K,2018-03-01
西安烛照信息科技有限公司,西安,Python开发工程师,6k-12k,2018-03-15
爱知世元（北京）网络股份有限公司,北京,Python开发工程师,15k-20k,2018-03-14
广州市梦享网络技术有限公司,深圳,Python开发工程师,10k-20k,2018-02-24
新浪网技术（中国）有限公司,北京,Python开发工程师（内容服务平台）,12k-24k,2018-03-21
上海量讯电子商务有限公司,上海,Python软件开发工程师,7k-13k,2018-03-20
久康云健康科技股份有限公司,南京,Python开发工程师,10k-20k,2018-03-12
深圳市方舟云数信息科技有限公司,深圳,Python工程师,20k-40k,2018-03-05
学慧帮（上海）企业管理咨询有限公司,上海,Python Developer,15k-20k,2018-03-19
深圳市点趣网络技术有限公司,深圳,Python助理开发工程师,5k-8k,2018-03-16
广州齐昌网络科技有限公司,广州,Python开发工程师,7k-9k,2018-03-16
西安数拓网络科技有限公司,西安,Python工程师,5k-10k,2018-03-15
深圳市友联金达软件开发有限公司,深圳,Python开发工程师,5k-8k,2018-03-06
上海飓色贸易有限公司,上海,Python 开发,15k-25k,2018-03-05
北京闪银奇异科技有限公司,北京,web端Python开发工程师,15k-30k,2018-03-19
北京行数通科技有限公司,北京,Python算法工程师实习生,2k-4k,2018-03-20
杭州沃趣科技股份有限公司,杭州,Python开发（CRM）,6k-8k,2018-03-20
广州奇异果互动科技股份有限公司,广州,Python开发工程师,5k-10k,2018-03-14
深圳市微课科技有限公司,深圳,Python工程师,10k-15k,2018-03-14
广州哆啦信息科技有限公司,广州,Python,15k-30k,2018-03-14
掌阅科技（北京）股份有限公司,北京,Python开发（高级、专家）,25k-40k,2018-03-09
杭州海适云承科技有限公司,杭州,Python开发工程师,5K-8K,2018-03-02
武汉佰钧成技术有限责任公司,广州,Python数据专家,15k-25k,2018-03-21
独到科技（北京）有限公司,北京,Python研发工程师,9K-18K,2018-03-20
飞友科技有限公司,南京,Python,10k-18k,2018-03-19
深圳市出众网络有限公司,深圳,Python工程师,15k-25k,2018-03-16
北京力扬泛海科技有限公司,北京,python工程师,15k-25k,2018-03-15
上海数巧信息科技有限公司,上海,Python后端开发工程师,15k-20k,2018-03-11
瑞数信息技术(上海)有限公司,成都,软件开发工程师（工具开发 Python）,10k-20k,2018-03-21
互道信息技术（上海）有限公司,上海,架构师(Python技术架构),20k-40k,2018-03-21
西安极互云网络科技有限公司,西安,Python开发【实习】,1k-2k,2018-03-20
杭州虚谷科技有限公司,杭州,python开发工程师,10k-20k,2018-03-14
北京千锋互联科技有限公司,杭州,Python讲师（杭州）,20k-40k,2018-03-01
深圳市魔方安全科技有限公司,深圳,Python 研发工程师（实习/正职）,7k-10k,2018-03-21
武汉网上网科技有限公司,武汉,Odoo Python Engineer,8k-12k,2018-03-16
武汉空文网络科技有限公司,武汉,高级Python开发,10k-20k,2018-03-13
云南爱必福网络科技有限公司,昆明,Python/PHP/Java高级工程师,15k-25k,2018-03-13
成都欧督系统科技有限公司,成都,Python开发,3k-6k,2018-03-10
北京微步在线科技有限公司,北京,python开发工程师,15k-25k,2018-03-06
南京厚建软件有限责任公司,南京,python研发工程师,6k-10k,2018-03-06
北京多贝兄弟信息技术有限公司,北京,python开发（数据分析）,3k-5k,2018-03-21
北京多贝兄弟信息技术有限公司,北京,python开发（数据分析）,3k-5k,2018-03-21
深圳市星月互娱科技有限公司,深圳,量化系统python开发工程师,10k-20k,2018-03-20
北京微光果壳科技有限公司,北京,【资深Python开发工程师】,15k-30k,2018-03-19
深圳前海中清龙图教育科技有限公司,深圳,Python开发讲师,12k-18k,2018-03-19
北京传智播客教育科技有限公司,武汉,Python导师,12k-20k,2018-03-13
深圳华强聚丰电子科技有限公司,深圳,Python,8k-12k,2018-03-13
南京价公信息技术有限公司,成都,Python,7k-14k,2018-03-13
北京云英传奇技术有限公司,北京,Python工程师,4k-8k,2018-03-09
北京云端智度科技有限公司,北京,Python研发工程师,10k-20k,2018-03-08
北京睿智融科控股股份有限公司,深圳,Python后台开发工程师,6k-12k,2018-03-01
青岛工地云数据运营有限公司,杭州,Python工程师,12k-20k,2018-03-20
星际（杭州）网络技术有限公司,杭州,python开发工程师,8k-16k,2018-03-19
八维宏烨(上海)信息科技有限公司,上海,python讲师,20k-30k,2018-03-19
北京深蓝海域信息科技有限公司,成都,Python工程师,6k-12k,2018-03-14
杭州艾锝信息技术有限公司,杭州,Python开发工程师,10k-20k,2018-03-13
北京金软瑞彩科技有限公司,北京,python,9k-15k,2018-02-28
人民澳客传媒科技有限公司,北京,Python开发(Devops),10k-20k,2018-03-19
北京涵德投资管理有限公司,北京,Python开发工程师（算法）,8k-15k,2018-03-19
苏州光格设备有限公司,苏州,Python开发工程师,9k-15k,2018-03-19
上海文强通讯器材有限公司,北京,Python工程师,20k-35k,2018-03-19
北京华影聚合电影科技有限公司,北京,Python,10k-20k,2018-03-13
杭州砺石信息科技有限公司,杭州,Python开发工程师（Odoo）,15k-20k,2018-03-12
深圳胡辣科技有限公司,成都,高级Python开发,10k-20k,2018-03-12
成都开贝影擎科技有限公司,成都,Python开发工程师,6k-8k,2018-03-09
武汉飞脉科技有限责任公司,武汉,python,10k-20k,2018-03-09
北京江山互动网络科技有限公司,北京,python开发工程师,8k-16k,2018-02-25
深圳市库瑞德科技有限公司,深圳,Python/Django工程师,10k-20k,2018-03-21
北京好象科技有限公司,北京,python工程师,12k-24k,2018-03-13
深圳市小猫信息技术有限公司,深圳,Python开发工程师,8k-10k,2018-03-09
北京铂金智慧网络科技有限公司,北京,Python开发工程师,10k-20k,2018-02-27
深圳市铱}医疗科技有限公司,深圳,人工智能工程师（Python）,10k-20k,2018-03-19
环球时报在线（北京）文化传播有限公司,北京,Python运维开发工程师,10k-20k,2018-03-19
成都锐思卓创企业管理咨询有限公司,西安,Python开发工程师,7k-10k,2018-03-13
五彩世界（北京）文化传媒有限公司,北京,python开发工程师,10k-15k,2018-03-08
上海脉策数据科技有限公司,上海,Python 工程师,15k-30k,2018-03-06
深圳市中企工联保家电服务有限公司,深圳,Python 工程师,5k-10k,2018-03-05
印孚瑟斯技术（中国）有限公司,深圳,python软件工程师,8k-15k,2018-02-28
广州智品移动技术有限公司,广州,Go开发，或Python，C,8k-15k,2018-03-20
升宝节能技术（上海）有限公司,上海,Python 后台工程师,7k-12k,2018-03-19
小立教育科技（北京）有限公司,北京,Python开发工程师,10k-20k,2018-03-09
领途教育咨询（北京）有限公司,北京,Python开发工程师,10k-20k,2018-03-08
杭州周边搜科技有限公司,杭州,Python研发工程师,13k-20k,2018-03-08
北京点智互动信息技术有限公司,北京,python研发工程师,8k-10k,2018-03-06
广州市派客朴食信息科技有限责任公司,广州,python开发,6k-9k,2018-03-05
北京千锋互联科技有限公司,杭州,Python讲师（杭州）,15k-30k,2018-02-24
郾忍赜邢薰司,深圳,Python 后台工程师,15k-25k,2018-03-19
北京源清慧虹信息科技有限公司,北京,Python大数据工程师,12k-24k,2018-03-19
深圳市编玩边学教育科技有限公司,武汉,代码编程老师（Python）（武汉）,8k-15k,2018-03-21
北京爱帮智汇科技有限公司,北京,Python开发工程师（后端）,20k-35k,2018-03-20
成都斯沃茨科技有限公司,成都,Python后端开发(周末双休/朝九晚六）,8k-12k,2018-03-19
北京灵动新程信息科技有限公司,北京,Python工程师,8k-15k,2018-03-08
北京山茶花科技有限公司,北京,Python后端工程师,20k-30k,2018-03-19
武汉掌中宝网络科技有限公司,武汉,python服务端,10k-20k,2018-03-16
成都宜汇微通科技有限公司,成都,Python 工程师,10k-15k,2018-03-13
杭州派对家数字科技有限公司,杭州,python程序员,3K-6K,2018-03-06
携程计算机技术（上海）有限公司,上海,网站运营高级/资深Python及前端工程师,15k-25k,2018-03-06
北京宇天智通科技有限公司,北京,python软件工程师,8k-15k,2018-03-01
广州博冠信息科技有限公司,广州,Python服务端开发（模拟器）,15k-20k,2018-02-28
上海数禾信息科技有限公司,上海,Python 开发工程师,10k-15k,2018-02-26
阳光保险集团股份有限公司,北京,Python爬虫工程师,20k-40k,2018-03-20
成都斯沃茨科技有限公司,成都,Python后端开发,7k-12k,2018-03-19
北京力扬泛海科技有限公司,北京,资深 python 工程师,13K-26K,2018-03-15
北京优炫软件股份有限公司,成都,Python开发工程师,6k-12k,2018-03-01
北京超维世纪科技有限公司,北京,python开发工程师,8k-15k,2018-02-27
观睿（武汉）科技有限公司,武汉,python,8k-12k,2018-03-09
杭州一脉网络科技有限公司,杭州,Python 工程师,10k-20k,2018-02-28
北京九星数宇网络科技有限公司,北京,Python,10K-15K,2018-02-25
广州医昊网络科技有限公司,广州,python工程师,6k-10k,2018-02-24
清影医疗科技(深圳)有限公司,深圳,Python后端工程师,13k-19k,2018-03-19
数据堂（北京）科技股份有限公司,北京,python工程师,8k-10k,2018-03-13
北京硬球科技有限公司,北京,游戏后端Python工程师,20k-40k,2018-03-21
致美生活（北京）科技有限公司,北京,研发工程师-Golang/Python,10k-20k,2018-03-20
欢唱网络科技（上海）有限公司,上海,高级Python工程师,14k-28k,2018-03-12
成都小漫科技有限公司,成都,python研发工程师,4k-6k,2018-03-02
上海量讯电子商务有限公司,上海,Python软件开发工程师,7k-10k,2018-02-28
广州登风网络开发有限公司,深圳,Python开发工程师,4k-6k,2018-02-27
广州斐波那契信息科技有限公司,广州,Python程序员,4k-7k,2018-02-25
西安甄一创展网络科技有限公司,西安,golang开发／python开发,15k-25k,2018-02-25
上海珩灵智能科技有限公司,上海,Python后端工程师,15k-20k,2018-02-23
普珩（上海）信息科技有限公司,上海,python软件开发工程师,8K-15K,2018-02-22
许昌龙祁电子商务有限公司,郑州,python开发工程师,6k-8k,2018-02-21
上海炫体信息科技有限公司,上海,Python（年轻人的狂欢）,12k-20k,2018-03-21
成都浩海通达科技有限公司,成都,Python后端开发工程师,8k-12k,2018-03-21
北京猎户星空科技有限公司,北京,Python研发工程师（机器学习方向）,18k-35k,2018-03-20
北京源石智影科技有限公司,北京,python后台开发工程师（分布式计算开发）,20k-40k,2018-03-20
四川源码时代科技有限公司,成都,python高级开发工程师,15k-30k,2018-02-26
上海茗日智能科技有限公司,上海,Python后端工程师,12k-20k,2018-03-16
北京格灵深瞳信息技术有限公司,北京,后端开发工程师(python/go),15k-25k,2018-03-21
北京陌陌科技有限公司,北京,Python开发工程师(风控开发方向),20k-40k,2018-03-21
北京百观科技有限公司,北京,Python数据与爬虫工程师,17k-26k,2018-03-20
在线途游（北京）科技有限公司,北京,python游戏服务端开发工程师,15k-30k,2018-03-18
合一信息技术（北京）有限公司,北京,高级Python开发工程师,20K-35K,2018-02-23
北京陌陌科技有限公司,北京,Python开发工程师(风控方向),18k-36k,2018-03-21
武汉慧禹信息科技有限公司,武汉,python高级开发工程师,10k-20k,2018-03-19
北京知源智生信息科技有限公司,北京,大数据工程师-python,10K-20K,2018-03-11
广东欧珀移动通信有限公司,深圳,Python测试开发工程师,15k-30k,2018-03-06
德蒙金盾（深圳）有限公司,北京,Python开发工程师,15k-30k,2018-02-22
广州英荔教育科技有限公司,广州,Python高级软件工程师,9k-18k,2018-03-21
北京微笑科技有限公司,北京,Python 游戏服务端开发,20k-25k,2018-03-21
上海海万信息科技股份有限公司,深圳,Python 数据分析,13k-25k,2018-03-20
北京摩科科技有限公司,北京,Python 开发工程师,8k-15k,2018-03-14
骑士联盟（北京）信息服务有限公司,北京,Python后端工程师,20k-35k,2018-03-02
上海数旦信息技术有限公司,上海,Python开发实习生,5k-6k,2018-03-19
广州源众广告有限公司,广州,Python开发工程师,10k-15k,2018-02-26
乐荐信息科技（北京）有限公司,上海,Python web开发工程师,15k-20k,2018-03-21
成都仁和安信科技有限公司,成都,急招资深python工程师,7k-9k,2018-03-19
广州动点网络科技有限公司,广州,Python开发工程师助理,4k-6k,2018-03-19
武汉乐谷在线科技有限公司,武汉,Python,8k-16k,2018-03-13
北京布科思科技有限公司,北京,Python 工程师（后台服务）,8k-15k,2018-03-12
北京必然如此网络技术有限公司,北京,Python工程师,25k-35k,2018-03-12
四川智果科技有限公司,成都,python,10K-15K,2018-02-25
深圳华策辉弘科技有限公司,深圳,Python算法工程师(推荐方向),8k-15k,2018-03-21
深圳市揽智品牌营销策划有限公司,深圳,Python,10K-16K,2018-03-04
成都舞牛科技有限公司,成都,python工程师,4K-8K,2018-02-22
富途网络科技（深圳）有限公司,深圳,运营开发工程师（Python）,15k-30k,2018-03-21
北京区块科技有限公司,北京,高级后端工程师 （python/Django方向),15k-30k,2018-03-20
北京智慧正安科技有限公司,北京,java/python开发工程师,10k-20k,2018-03-13
清华大学,北京,Python后台工程师,15k-20k,2018-03-06
娱网科道网络科技有限公司,杭州,python开发工程师,15k-25k,2018-03-01
北京库神信息技术有限公司,北京,Python高级开发工程师,13K-25K,2018-02-27
北京库神信息技术有限公司,北京,Python高级开发工程师,13K-25K,2018-02-27
北京诸葛找房信息技术有限公司,北京,Python全栈工程师,15k-30k,2018-03-21
哈尔滨渡一信息技术开发有限公司,哈尔滨,python高级讲师,12k-24k,2018-03-17
深圳库尚信息技术有限公司,深圳,python开发工程师,8k-16k,2018-03-12
成都斯沃茨科技有限公司,成都,Python后端开发、年薪10K-15K/周末双休,8k-12k,2018-03-19
琢品网络科技（上海）有限公司,上海,资深后端技术指导Python/Java,25k-33k,2018-03-20
福州东西电子商务有限公司,福州,高级Python后端工程师,11k-18k,2018-03-19
四川星盾科技股份有限公司,成都,Python算法工程师,8k-15k,2018-03-15
上海辰圣激光科技有限公司,上海,后端python开发工程师,18k-35k,2018-03-13
北京智海创讯信息技术有限公司,北京,软件开发工程师（python）,10k-20k,2018-02-23
北京必然如此网络技术有限公司,北京,python server开发工程师,18k-36k,2018-03-01
易虎网科技南京有限公司,南京,Python开发工程师,10k-20k,2018-02-23
北京世纪好未来教育科技有限公司,北京,Python后端架构师,35k-70k,2018-03-20
北京聚力创联电子商务有限公司,北京,Python Web 高级开发工程师,15k-25k,2018-03-20
深圳微众税银信息服务有限公司,深圳,开发工程师-JAVA/R/Python,18k-30k,2018-03-14
北京聚力创联电子商务有限公司,北京,Python Web 高级开发工程师,15k-25k,2018-03-20
深圳微众税银信息服务有限公司,深圳,开发工程师-JAVA/R/Python,18k-30k,2018-03-14
深圳市百答科技有限公司,深圳,Python开发工程师-实习,4k-8k,2018-03-13
北京富能通科技有限公司,成都,python开发工程师,8k-15k,2018-03-12
上海悦米信息技术有限公司,上海,Python开发工程师,8k-15k,2018-03-06
广州普惠信息科技有限公司,广州,python开发工程师/人工智能开发工程师,8k-16k,2018-03-05
广州胖虾网络科技有限公司,广州,Python工程师,8k-12k,2018-03-02
北京元鼎时代科技股份有限公司河南分公司,郑州,Python开发工程师,4K-8K,2018-02-26
北京思普科软件股份有限公司,北京,python开发工程师,10k-15k,2018-02-26
广州博冠信息科技有限公司,广州,Web后端python高级开发工程师,13k-20k,2018-03-21
天津市安博伟业科技有限公司,天津,Python工程师（数据方向）,5k-10k,2018-03-15
武汉闪达科技有限公司,武汉,python 全栈开发工程师,10k-15k,2018-03-21
郑州赛欧思科技有限公司,郑州,Python Web研发工程师,8k-12k,2018-03-15
上海连道网络科技股份有限公司北京分公司,北京,Python开发工程师,8k-15k,2018-02-26
苏州工业园区海天阳光教育培训中心,苏州,Python,5K-10K,2018-02-26
环球华信（北京）科技发展有限公司西安分公司,西安,Python开发学徒,4k-8k,2018-03-21
四川封面传媒有限责任公司,成都,Python智能应用开发工程师,8k-15k,2018-03-20
北京盖娅互娱网络科技股份有限公司,北京,游戏服务器(Python)开发工程师,10k-20k,2018-03-14
深圳市林辰展华科技有限公司,杭州,python兼职老师,5K-10K,2018-03-13
深圳市比量科技传媒有限公司珠海分公司,珠海,python研发实习生,3k-5k,2018-03-12
深圳市百答科技有限公司,深圳,Python开发工程师-实习,5k-8k,2018-03-01
图丰信息（成都）有限责任公司,成都,Python后台开发,8k-15k,2018-03-20
北京小象科技有限公司,北京,Python高级讲师,10k-20k,2018-03-20
EECS留学生编程作业辅导,北京,Python 兼职程序员,4k-5k,2018-03-12
新浪网技术（中国）有限公司,北京,研发工程师-PHP/Python实习生,2k-4k,2018-03-21
云势天下（北京）软件有限公司,北京,Python后端工程师,15k-20k,2018-03-14
创新工场（北京）企业管理股份有限公司,北京,全栈工程师（Python）,25k-40k,2018-03-19
正宜（北京）科技有限公司,北京,中高级Python开发工程师,10k-20k,2018-03-15
北京联宇益通科技发展有限公司,北京,初级Python开发工程师,6k-9k,2018-02-24
车好多旧机动车经纪(北京)有限公司,北京,PHP/Python数据平台开发,15k-30k,2018-03-21
广州机智云物联网科技有限公司,广州,Python开发实习生,2k-4k,2018-03-21
深圳小步网络科技有限公司,深圳,Python后台架构师,20k-40k,2018-03-19
广州新的美地电子科技有限公司,广州,后端开发工程师（Python方向）,15k-25k,2018-03-01
北京八维研修学院,北京,Python项目经理,18K-35K,2018-02-24
深圳市泽林信息咨询有限公司,深圳,python数据分析,15k-30k,2018-03-21
广州维胜信息技术有限公司,广州,Python爬虫工程师,12k-24k,2018-03-21
北京高思博乐教育科技股份有限公司,北京,Python爬虫工程师,15k-25k,2018-03-21
杭州数为科技有限公司,杭州,Python架构师,20k-30k,2018-03-19
同方知网（北京）技术有限公司,北京,python高级工程师/架构师,10k-20k,2018-03-19
广州智建云信息技术有限公司,广州,初级python运维工程师,6k-10k,2018-03-15
深圳市游滨果科技有限公司,深圳,Python 后端开发工程师,16k-25k,2018-03-15
紫光西部数据有限公司,南京,Python 高级开发工程师,15k-25k,2018-02-28
德蒙金盾（深圳）有限公司,武汉,Python/nodejs开发,10K-20K,2018-02-22
北京斯多葛科技有限公司,北京,python架构师,30k-50k,2018-03-13
西安麻花网络技术有限公司,西安,高级python工程师,8k-16k,2018-03-06
德蒙金盾（深圳）有限公司,武汉,Python/nodejs开发,10K-20K,2018-02-22
北京小睿科技有限公司,北京,Python Web开发工程师,10k-15k,2018-03-21
杭州数为科技有限公司,杭州,Python架构师,20k-30k,2018-03-19
北京斯多葛科技有限公司,北京,python架构师,30k-50k,2018-03-13
西安麻花网络技术有限公司,西安,高级python工程师,8k-16k,2018-03-06
北京云京科技有限公司,北京,python 后端工程师,10k-20k,2018-03-06
成都金网迅捷软件有限公司,成都,直招python应用开发工程师,3k-5k,2018-03-21
上海贝笃网络科技有限公司,成都,Python开发工程师助理,3k-5k,2018-03-19
恒爱高科（北京）科技有限公司,北京,Python 后台工程师,9k-18k,2018-03-13
河南鼎越电子商务有限公司,郑州,Python Web开发,7k-14k,2018-02-28
铂良乐传媒广告（北京）有限公司,广州,python django开发工程师,10k-20k,2018-02-24
上海弘连网络科技有限公司,上海,C++/Python/研发工程师,8k-13k,2018-03-21
西安陆智投软件科技有限公司,西安,python高级开发工程师,10k-15k,2018-02-27
北京曲速万联科技有限公司,北京,区块链研发工程师－python,15k-30k,2018-02-27
北京青橙信息技术有限公司,北京,Python后端工程师,15k-25k,2018-03-13
西安陆智投软件科技有限公司,西安,Python中级开发工程师,7k-14k,2018-02-27
广州西线教育科技有限公司,广州,python开发工程师/人工智能开发工程师,8k-15k,2018-03-05
广州智建云信息技术有限公司,广州,python运维工程师,10k-20k,2018-03-15
北京热点映像文化传媒有限公司,北京,python后端开发工程师,10k-20k,2018-03-01
北京嗨钱科技有限公司,北京,python工程师（北京）,8k-10k,2018-02-26
广州洋葱头信息科技有限公司,广州,Python web开发工程师,6K-12K,2018-03-21
景略集智(北京)科技有限公司,北京,Python 培训讲师,20k-25k,2018-03-20
湖南动脑信息科技有限公司,长沙,python web开发工程师,10k-20k,2018-03-21
广州骏睿信息科技有限公司,广州,Python后端研发工程师,6k-10k,2018-03-19
深圳市掌中酷柚科技有限公司,深圳,Python游戏服务端开发工程师,10k-20k,2018-03-19
北京知呱呱科技服务有限公司,北京,Python后端开发工程师,13k-20k,2018-03-13
杭州艾锝信息技术有限公司,杭州,Python开发工程师（实习）,3k-4k,2018-03-13
易思互动（北京）科技有限公司,北京,高级Python web开发,15k-30k,2018-03-13
广州龙骐贸易有限公司,广州,Python Web后端开发工程师,10k-15k,2018-03-02
普天乐（深圳）科技有限公司,深圳,游戏服务端Python开发工程师,12k-20k,2018-03-21
郑州趣学信息科技有限公司,郑州,python高级工程师,6k-10k,2018-03-06
卫宁互联网科技有限公司,上海,数据分析与挖掘-python工程师,15k-25k,2018-02-27
驰勤信息科技（上海）有限责任公司,上海,Python后台开发,8k-11k,2018-03-20
上海云腾自动化科技有限公司,北京,Python后端开发工程师,40k-50k,2018-03-19
南京聪明狗网络技术有限公司,南京,Python抓取系统工程师,15k-30k,2018-03-19
正宜（北京）科技有限公司,北京,初级Python开发工程师,7k-14k,2018-03-15
澳必馥（上海）电子商务有限公司,上海,Python开发工程师（实习）,3k-6k,2018-03-12
五彩世界（北京）文化传媒有限公司,北京,python开发工程师（实习）,8k-12k,2018-03-08
携程计算机技术（上海）有限公司,上海,安全开发工程师（python开发）,10k-20k,2018-02-22
北京弘合柏基金融信息服务有限责任公司,北京,产品经理（数据方向 会R/Python）,8k-12k,2018-03-20
杭州同花顺数据开发有限公司,杭州,高级python开发工程师,15k-30k,2018-02-22
深圳市观麦网络科技有限公司,深圳,python后台开发工程师,8k-16k,2018-03-21
深圳布谷鸟信息科技有限公司,深圳,Python工程师（爬虫）,10k-15k,2018-03-20
成都博云科技有限公司,成都,Python运维开发工程师,8k-15k,2018-03-19
北京周同科技有限公司,北京,Python后端开发工程师（视频画面AI分析）,18k-36k,2018-03-20
北京周同科技有限公司,北京,Python后端开发工程师（视频画面AI分析）,18k-36k,2018-03-20
成都云数海量信息科技有限公司,成都,Python后端开发工程师,6k-9k,2018-03-19
北京知新树科技有限公司,北京,北京-Python人工智能高级讲师,25k-30k,2018-03-14
北京世纪好未来教育科技有限公司,北京,大数据部-Python后台开发实习生,4k-6k,2018-03-12
紫光西部数据有限公司,南京,Python中级工程师,12k-15k,2018-02-28
爱因互动科技发展（北京）有限公司,北京,python开发实习生,3k-6k,2018-02-22
上海凭安征信服务有限公司,上海,Python爬虫开发工程师,10k-18k,2018-03-21
深圳网脊科技开发有限公司,深圳,python运维开发工程师,14k-18k,2018-02-28
上海润客投资控股有限公司,上海,Python数据开发工程师,7k-14k,2018-02-28
日照靖唐信息科技有限公司,杭州,资深Python后端工程师,15k-28k,2018-03-15
湖南考试在线网络科技有限公司,长沙,python讲师,8k-15k,2018-03-14
北京九州云动科技有限公司,北京,服务端架构师(PHP&amp;Python),30k-50k,2018-03-21
北京京东世纪贸易有限公司,北京,高级Python研发工程师（机器学习业务方向）,20k-40k,2018-03-21
深圳晶泰科技有限公司,深圳,科学计算软件开发工程师（ Python、C/C++、Fortran）,15k-25k,2018-03-21
广州润普网络科技有限公司,广州,Python实习,2k-4k,2018-03-19
上海罗刻信息技术有限公司,苏州,Python兼职导师,6K-12K,2018-02-28
号朋运动科技(深圳)有限公司,深圳,python后台开发工程师,20k-25k,2018-03-10
北京奥鹏远程教育中心有限公司,北京,python自动化运维-讲师,12k-24k,2018-02-26
广州航旅天空信息科技有限公司,广州,Python工程师/Perl工程师/Php工程师,8k-12k,2018-03-09
北京靠谱筹信息技术有限公司,北京,Python后端工程师,8k-15k,2018-03-21
北京首都在线科技股份有限公司,北京,python实习生（可转正）,2k-4k,2018-03-21
车装甲网络科技（北京）有限公司,西安,python开发工程师（web方向）,6k-10k,2018-03-19
超体信息科技（深圳）有限公司,深圳,python 软件工程师 odoo,6k-9k,2018-03-15
中国科学院信息工程研究所,北京,物联网安全分析C和Python研发人员,6k-10k,2018-03-12
郑州元鼎信息技术有限公司,郑州,Python中级工程师,8K-9K,2018-02-24
北京闪银奇异科技有限公司,北京,服务器端 Python 架构师,25k-45k,2018-03-19
北京九斗数据服务有限公司,北京,应届Python后端开发工程师,8k-15k,2018-03-20
广州森迪信息科技有限公司,上海,Python开发助理,3k-5k,2018-03-19
江苏风云科技服务有限公司,北京,Python数据开发,7k-11k,2018-03-08
上海远澜信息技术有限公司,上海,python、C++、Mysql、工程师,15k-30k,2018-03-06
上海罗刻信息技术有限公司,上海,Python/Java 实习导师,8K-10K,2018-02-28
北京千锋互联科技有限公司,深圳,python助教老师（项目经理）,7k-13k,2018-03-21
江苏传智播客教育科技有限公司广州分公司,广州,Python就业指导专员,10k-20k,2018-03-13
北京天启智创信息技术有限公司,北京,Web开发 Python,20k-40k,2018-02-27
北京国富如荷网络科技有限公司,北京,讲师（R语言／Python）,6k-12k,2018-03-07
上海展卷信息科技有限公司,上海,高级Python软件工程师（服务端）,12k-24k,2018-03-12
广州德利信息科技有限公司,广州,Python web高级工程师,12k-20k,2018-03-02
武汉飞脉科技有限责任公司,武汉,python实习生,2k-3k,2018-03-09
深圳市悦动天下科技有限公司,深圳,python后台开发工程师,9k-18k,2018-03-19
北京云中融信网络科技有限公司,北京,Python全栈工程师,15k-25k,2018-03-14
武汉新联空间信息技术有限公司,武汉,python web开发工程师,5k-10k,2018-03-13
上海叮诺科技有限公司,上海,Python数据开发工程师,10k-20k,2018-03-19
成都舞牛科技有限公司,成都,python高级工程师,8K-15K,2018-02-22
成都清数聚云科技有限公司,成都,Python后端开发,10k-15k,2018-03-20
江苏传智播客教育科技股份有限公司南京分公司,南京,python导师J10362,12k-18k,2018-03-01
广州医昊网络科技有限公司,广州,Python工程师实习生,2k-3k,2018-02-24
广州动点网络科技有限公司,广州,Python编程应届生,4k-6k,2018-03-21
北京奥鹏远程教育中心有限公司,北京,python自动化运维 讲师,12k-24k,2018-03-16
深圳市惠群商业数据技术有限公司,深圳,Python开发运维工程师,7k-14k,2018-03-15
杭州艾耕科技有限公司,杭州,python后端开发工程师,10k-20k,2018-02-27
北京迅达云成科技有限公司,北京,Python开发工程师(CDN方向),15k-25k,2018-03-01
北京江民新科技术有限公司,武汉,Python web应用开发程序员,10k-20k,2018-03-20
北京遥领医疗科技有限公司,北京,Python后端工程师,10k-20k,2018-03-16
深圳钛科瑞思信息科技有限公司,深圳,Python 后端工程师,8K-10K,2018-03-12
上海聚力传媒技术有限公司,上海,Python研发工程师(爬虫方向),16k-22k,2018-03-19
广州博盾信息技术有限公司,广州,Python后端开发,8k-15k,2018-03-18
北京景行锐创软件有限公司,西安,python开发实习生,2k-3k,2018-03-08
江苏传智播客教育科技股份有限公司西安分公司,西安,Python双元导师J10411,10k-15k,2018-03-07
北京数智源科技股份有限公司,北京,C#/Python开发实习岗,3k-4k,2018-03-20
广州齐昌网络科技有限公司,广州,Python/Django实习生,3k-4k,2018-03-16
广州齐昌网络科技有限公司,广州,Python/Django实习生,3k-4k,2018-03-16
每图成视（北京）科技有限公司,北京,python后台开发,10k-20k,2018-03-14
武汉小果科技有限公司,武汉,Python后台,9k-15k,2018-03-21
携程计算机技术（上海）有限公司,深圳,Python运维开发工程师,15k-20k,2018-03-21
北京爱奇艺科技有限公司,北京,Python开发工程师（转码编码）,25k-45k,2018-03-15
南京电子工程研究所（中国电子科技集团公司第二十八研究所）,南京,java开发、C++开发、python、数据库,8k-12k,2018-03-01
上海寰享网络科技有限公司,上海,Python中级/Odoo开发,10k-20k,2018-02-23
上海中畅信息科技有限公司,上海,Python工程师（互联网金融云平台开发）,10k-20k,2018-03-14
上海渡新企业管理咨询有限公司,杭州,Python服务器端程序,13k-20k,2018-03-14
深圳天琴医疗科技有限公司,深圳,python后端工程师,9k-18k,2018-03-17
苏州有推信息科技有限公司,苏州,Python高级工程师（爬虫）,10k-20k,2018-03-19
北京爱康国宾西内门诊部有限公司,上海,联想Python,8K-10K,2018-03-13
斯干网络科技有限公司,上海,Python实习生,2k-4k,2018-03-09
北京慕华信息科技有限公司,北京,高级Python工程师（NLP方向）,20k-30k,2018-03-21
乐歌人体工学科技股份有限公司,宁波,Python工程师(爬虫),10k-15k,2018-03-20
武汉佰钧成技术有限责任公司,南京,Python测试工程师,7k-14k,2018-03-16
上海进记网络科技有限公司,上海,Python 实习生,4k-8k,2018-03-13
上海祺玖电子商务有限公司,上海,python后台开发工程师,18k-35k,2018-03-12
尚睿科技（北京）有限公司,北京,高级全栈工程师(python),25k-35k,2018-03-19
睿初科技,深圳,Python 实习生,5k-6k,2018-03-13
成都好玩一二三科技有限公司,成都,运维开发工程师(python),6k-10k,2018-03-12
浙江阿拉丁电子商务股份有限公司,杭州,Python爬虫工程师,10k-15k,2018-03-19
紫梧桐（北京）资产管理有限公司,北京,python爬虫工程师,15k-30k,2018-03-20
武汉新联空间信息技术有限公司,武汉,python web开发工程师,5k-10k,2018-03-13
武汉小弦科技有限责任公司,武汉,Python算法工程师,4k-8k,2018-03-09
南京安链数据科技有限公司,南京,python数据工程师,3k-5k,2018-03-05
北京迅达云成科技有限公司,北京,Python开发工程师(运营支撑系统方向),10k-20k,2018-03-01
五维引力（上海）数据服务有限公司,上海,Python 全栈工程师,15k-30k,2018-02-27
深圳市量子空间区块链企业（有限合伙）,深圳,中级 python 爬虫工程师],10k-20k,2018-03-21
深圳市观麦网络科技有限公司,深圳,python后台开发工程师,11k-21k,2018-03-09
杭州N星网络科技有限公司,杭州,Python算法工程师（实习）,2k-4k,2018-03-19
南京世和基因生物技术有限公司,南京,python后端开发工程师,8k-16k,2018-03-07
衍升科技（上海）有限公司,上海,Python Web开发工程师,18k-36k,2018-02-23
南京聚铭网络科技有限公司,南京,脚本python开发工程师,8k-16k,2018-03-12
深圳市智能现实科技有限公司,深圳,PHP/Node.js/Python 高级工程师,13k-25k,2018-02-22
阿里云计算有限公司,北京,基础平台开发工程师C/Go/Python/Java(CDN),20k-40k,2018-03-20
前海泰坦科技（深圳）有限公司,深圳,python后台开发,11k-20k,2018-02-26
广州建友信息科技有限公司,广州,python后端开发工程师,10k-13k,2018-02-25
杭州米阳科技有限公司,杭州,软件开发工程师(Python/Golang),11k-16k,2018-03-19
北京完美创意科技有限公司,北京,Python后端开发工程师,10k-20k,2018-03-14
飞维美地信息技术（北京）有限公司,北京,Lead Python/Java Engineer,35k-44k,2018-03-20
北京环宇万维科技有限公司,北京,Python爬虫工程师-北京-00089,15k-25k,2018-03-19
糖小护健康科技（上海）有限公司,上海,资深Python后端开发/架构师,20k-35k,2018-03-15
湖南思利他网络科技有限公司,长沙,python爬虫工程师,12k-18k,2018-03-15
深圳贝尔信息科技有限公司,深圳,Python工程师（人工智能方向）,8k-16k,2018-03-07
厦门笨鸟电子商务有限公司,深圳,高级Python爬虫工程师,40k-60k,2018-03-21
深圳小步网络科技有限公司,深圳,Python爬虫工程师,15k-30k,2018-03-19
南京川陀大匠信息技术有限公司,南京,Python web,5k-9k,2018-03-16
北京阿博泰克北大青鸟信息技术有限公司,北京,python数据分析师,12k-20k,2018-03-19
四川源码时代科技有限公司,成都,Python高级讲师,15k-30k,2018-02-26
通联数据股份公司,上海,软件开发工程师（Python/C++）,18k-36k,2018-03-15
西安衡刻信息科技有限公司,西安,python web 开发,5K-10K,2018-02-25
北京智分科技有限公司,北京,Python爬虫工程师,20k-40k,2018-03-21
深圳市麦达数字股份有限公司,北京,Python爬虫工程师,25k-35k,2018-03-20
上海合阔信息技术有限公司,上海,python开发工程师（SAAS云平台研发）,12k-24k,2018-03-19
北京多来点信息技术有限公司,北京,Python测试工程师（自动化）,15k-25k,2018-03-21
阿里云计算有限公司,杭州,基础平台开发工程师C/Go/Python/Java(CDN),20k-40k,2018-03-20
广州博盾信息技术有限公司,广州,Python后端开发实习,3k-5k,2018-03-18
成都世纪云合科技有限公司,成都,Python后端开发工程师,10k-15k,2018-03-06
深圳趣凡网络科技有限公司,深圳,python游戏服务器开发,10k-20k,2018-03-19
成都世纪云合科技有限公司,成都,python后端开发（急）,10k-15k,2018-03-06
广州市殷赋信息科技有限公司,广州,Web后端开发工程师（Python）,7k-8k,2018-03-19
北京贝贝图米科技有限公司,北京,Python后端主程,20k-40k,2018-03-01
维视科技（西安）有限公司,西安,Python开发工程师 MySQL Git,7k-10k,2018-03-20
北京爱奇艺科技有限公司,北京,深度学习云开发工程师（python）,25k-45k,2018-03-15
上海耕子教育科技有限公司,上海,课程老师（python语言）,8k-12k,2018-02-27
湖南妙手机器人有限公司,长沙,Python后端开发工程师,6k-8k,2018-02-26
深圳市华海乐盈网络科技有限公司,深圳,Python爬虫工程师（10-20k）,10k-20k,2018-03-07
上海诤贯网络科技有限公司,成都,Python后台开发,7k-12k,2018-02-21
广州创拓信息科技有限公司,广州,Python程序员学徒,2k-3k,2018-02-25
广州稻禾信息科技有限公司,广州,Python工程师 python开发工程师 后端开发工程师（python Java）,8k-15k,2018-03-21
衍升科技（上海）有限公司,上海,Python Web开发工程师,18k-36k,2018-02-23
悦视光合科技（北京）有限公司,大连,Python研发工程师 (WEB后端),6k-12k,2018-03-19
汇金智融（北京）科技有限公司,深圳,python爬虫,8k-16k,2018-03-21
西门子（中国）有限公司,北京,Python Web 软件开发实习生,2k-4k,2018-03-19
南京聪明狗网络技术有限公司,南京,Python实习生（抓取方向，欢迎应届生）,4k-8k,2018-03-19
上海彼脉网络信息科技有限公司,上海,区块链 python 后台工程师,15k-30k,2018-03-20
江苏曲速教育科技有限公司,北京,python爬虫工程师,10k-16k,2018-03-14
北京阿博茨科技有限公司,武汉,服务器开发工程师（Java / Python）,10k-20k,2018-03-21
网易（杭州）有限公司,杭州,资深课程运营（Python方向）,15k-20k,2018-03-20
北京神州绿盟信息安全科技股份有限公司,西安,python测试实习生（西安）,2k-4k,2018-03-20
深圳市麦克斯韦数据科技有限公司,深圳,Python 后端开发实习,4k-8k,2018-03-01
维视科技（西安）有限公司,西安,软件工程师 Linux C/C++ Python,6k-12k,2018-03-20
微梦创科网络科技（中国）有限公司,北京,大数据开发工程师（中高级）（python/c++）,20k-40k,2018-03-20
北京粉笔未来科技有限公司,北京,Python辅导老师－编程教育方向,7k-10k,2018-03-18
中国电子进出口有限公司,成都,Python开发(网络爬虫方向),10k-15k,2018-03-21
深圳市透明伞科技有限公司,深圳,数据平台开发工程师（go/python）,30k-50k,2018-03-21
郑州星辰互联电子科技有限公司,郑州,Python讲师（兼职）,5k-8k,2018-02-24
北京币世界网络科技有限公司,北京,Python高级爬虫工程师,17k-32k,2018-03-13
厦门游天科技有限公司,厦门,高级Linux Python工程师,10k-20k,2018-03-19
深圳开黑科技有限公司,深圳,Python自动化测试,10k-19k,2018-03-21
北京币世界网络科技有限公司,北京,python爬虫工程师,17k-32k,2018-03-13
深圳市铺铺旺电子商务有限公司,深圳,Python后台架构师 （后台开发）,20k-30k,2018-03-09
北京世纪好未来教育科技有限公司,北京,Python后端架构师（AI Lab）,30k-50k,2018-03-06
北京乐城堡科技有限公司,北京,移动平台后端高级开发工程师（Go/Python）,15k-30k,2018-03-20
上海时来信息科技有限公司,上海,实习生（python 数据处理工程师）,5k-10k,2018-03-19
苏州紫豹科技有限公司,苏州,高级python（爬虫）工程师,15k-25k,2018-03-21
汇金智融（北京）科技有限公司,深圳,python爬虫工程师,8k-16k,2018-03-21
广州建友信息科技有限公司,广州,python后端开发工程师（初级、应届生）,3k-6k,2018-02-27
成都琛石科技有限公司,成都,Python 实验设计师实习生,3k-4k,2018-03-01
广州龙骐贸易有限公司,广州,Python Web 爬虫工程师,10k-15k,2018-03-21
富途网络科技（深圳）有限公司,深圳,社区服务端开发工程师(c++/python),20k-40k,2018-03-20
成都商报社,成都,python数据挖掘工程师,8k-10k,2018-03-20
郑州埃文计算机科技有限公司,郑州,软件开发工程师（Python/C++）,5k-10k,2018-03-19
北京捷通华声科技股份有限公司,北京,大数据平台开发工程师（java/python）,15k-25k,2018-03-21
杭州首邻科技有限公司,杭州,Python爬虫工程师,15k-20k,2018-03-19
北京荣之联科技股份有限公司,北京,爬虫工程师（python）,10k-20k,2018-03-19
哈尔滨安天科技股份有限公司,哈尔滨,服务器后端开发（C++、Python）,5k-7k,2018-03-19
维视科技（西安）有限公司,西安,软件架构工程师 PHP Python ubuntu,9k-14k,2018-03-20
南京小易信息科技有限公司,南京,Python数据分析,3k-6k,2018-03-20
北京世纪好未来教育科技有限公司,北京,大数据部-Python爬虫工程师,4k-6k,2018-03-12
四川今日生活科技有限公司,成都,Python全栈工程师,15k-30k,2018-03-02
深圳市新一洲贸易有限公司,深圳,python数据挖掘工程师,12k-18k,2018-03-15
厦门蓝斯通信股份有限公司,厦门,python工程师（自动化测试方向）,5k-9k,2018-03-16
青岛格兰德信用管理咨询有限公司,青岛,python爬虫,10k-11k,2018-03-12
北京希瑞亚斯科技有限公司,北京,后端开发工程师（Node\Python\Ruby）,18K-35K,2018-03-21
西门子（中国）有限公司,北京,Python Web 前端开发 实习生,2k-4k,2018-03-19
深圳市贝多分金融科技有限公司,深圳,python开发工程师（爬虫）,15k-25k,2018-03-21
北京小魔怪科技有限公司,北京,服务器端高级研发工程师(PHP/Python),18K-28K,2018-03-19
南京创数信息科技有限公司,南京,Python爬虫工程师,6k-8k,2018-03-15
便利蜂商贸有限公司,北京,物联网服务器开发（Python/Php）,20k-30k,2018-03-13
哈尔滨安天科技股份有限公司,哈尔滨,服务器后端开发工程师（C++/Python）,5k-10k,2018-03-02
成都亚然科技中心,成都,Python爬虫开发工程师,8k-16k,2018-03-19
上海西井信息科技有限公司,上海,软件工程师（C++/Python）,15k-24k,2018-03-04
北京无限向溯科技有限公司,北京,Python爬虫工程师,15k-25k,2018-03-19
广州中国科学院计算机网络信息中心,广州,软件开发实习生（Java、Python）,2k-3k,2018-03-19
杭州复杂美科技有限公司,杭州,区块链技术开发工程师（go，c++，Python）,20k-40k,2018-03-21
广州多益网络股份有限公司,广州,Python爬虫研发工程师,9k-15k,2018-03-15
恒生电子股份有限公司,杭州,智能语义软件工程师（Java 或 Python）,10k-18k,2018-03-14
北京爱帮智汇科技有限公司,北京,java后端开发工程师（or python）,20k-35k,2018-03-20
车好多旧机动车经纪(北京)有限公司,北京,云平台开发（python/Golang/C++),20k-35k,2018-03-21
广州一一科技有限公司,广州,Python爬虫工程师,6k-10k,2018-03-21
上海勃池信息技术有限公司,上海,Python爬虫工程师,10k-20k,2018-03-20
广州小狗机器人技术有限公司北京分公司,北京,后端开发工程师（go/python/php),15k-30k,2018-03-06
深圳睿时尚文化创意有限公司,深圳,Python(爬虫方向),13k-25k,2018-03-15
北京网录科技有限公司,北京,高级软件工程师（算法/c++/go/python）,25k-50k,2018-03-14
北京桉桉投资管理有限公司,北京,高级后端开发（Java、Python）,20K-40K,2018-03-13
信必优(深圳)信息技术有限公司,广州,Unix工程师（java/python/全英面试）,15k-23k,2018-03-21
上海基分文化传播有限公司,上海,C++/Python转golang,18k-28k,2018-03-19
深圳米佳乐文化传媒有限公司,深圳,Python/C++金融软件开发工程师,12k-15k,2018-03-13
深圳市新一洲贸易有限公司,深圳,python数据挖掘工程师,12k-18k,2018-03-15
ElitesCastle Ltd.,北京,移动平台后端主程（Go/Python）,15k-30k,2018-03-19
北京未来安全信息技术有限公司,北京,Python开发工程师(爬虫方向),15K-30K,2018-03-13
北京一人一亩田网络科技有限公司,北京,后端高级研发负责人（php、python、go）,18k-36k,2018-03-20
湖北地信科技集团股份有限公司,武汉,高级软件研发工程师（c++，python）,8k-16k,2018-03-02
青岛永嘎科技有限公司,青岛,Python数据挖掘,5K-10K,2018-02-24
深圳市库瑞德科技有限公司,深圳,python爬虫工程师,8k-16k,2018-03-21
思力科（深圳）电子科技有限公司,南京,C++/Python/QT软件工程师,12k-24k,2018-03-21
上海证大喜马拉雅网络科技有限公司,上海,Java／Python高级开发职责描述（爬虫方向）,15k-28k,2018-03-20
广州伦奇信息科技有限公司,广州,Python爬虫工程师,7k-14k,2018-03-12
北京智慧星光信息技术有限公司,北京,Python爬虫开发,8k-15k,2018-03-12
上海图趣信息科技有限公司,天津,高级软件开发工程师（Java/Python）,10k-20k,2018-02-24
上海摩林网络科技有限公司,上海,后端工程师 ( Ruby / Python ),12k-18k,2018-03-06
同程网络科技股份有限公司,苏州,C++/Go/Lua/Python开发工程师,15k-20k,2018-03-19
杭州艾耕科技有限公司,杭州,python爬虫工程师,10k-20k,2018-02-27
普信恒业科技发展（北京）有限公司,北京,中高级开发（java/python/nodejs）,20k-35k,2018-03-21
深圳市麦克斯韦数据科技有限公司,深圳,Python 爬虫工程师,15K-25K,2018-03-01
上海哈希信息科技有限公司,上海,Python(爬虫）开发工程师,10k-15k,2018-03-09
重庆江小白品牌管理有限公司,重庆,数据挖掘工程师（python）,7k-11k,2018-02-27
北京九州云动科技有限公司,北京,高级服务端工程师（Python / Golang / PHP）,15k-30k,2018-03-21
锋创科技发展（北京）有限公司,北京,python爬虫实习生,2k-4k,2018-03-19
深圳浩瀚星际网络科技有限公司,深圳,【实习】Python爬虫工程师,3k-6k,2018-03-16
深圳市白羽毛互联网金融有限公司,北京,python爬虫工程师,8k-15k,2018-03-01
上海清鹤科技股份有限公司,上海,云平台研发（C++，Python，JAVA ),15k-20k,2018-03-21
深圳壹鸿科技有限公司,深圳,Python爬虫工程师,15K-18K,2018-03-02
杭州艾耕科技有限公司,杭州,python爬虫开发工程师实习,4k-8k,2018-02-27
厦门吉信德电子商务有限公司,厦门,Python爬虫工程师,10k-15k,2018-02-27
深圳市比特穿越科技有限公司,深圳,Python爬虫实习生,3k-5k,2018-03-19
上海优啦金融信息服务有限公司,成都,Python开发工程师(大数据营销方向),8k-16k,2018-03-16
翔傲信息科技（上海）有限公司,上海,高级爬虫工程师Python（电商、媒体）,18k-25k,2018-03-19
广州布里吉信息科技有限公司,广州,包你说后端开发工程师（Python、Java）,10k-15k,2018-03-13
睿初科技,深圳,C++/Python后台软件开发高级工程师,15k-30k,2018-03-13
六次方（北京）信息科技有限公司,北京,高级后端开发（Java\go\python）,25K-45K,2018-03-12
北京世纪好未来教育科技有限公司,北京,高级测试工程师（会Python或Java）,20k-40k,2018-03-12
支付宝(杭州)信息技术有限公司,杭州,Java/Python/C++/Go-P7-阿里云,25k-45k,2018-03-21
深圳可点科技有限公司,深圳,python数据爬虫工程师,8k-12k,2018-03-15
天津包有帮云科技有限公司,天津,后台开发工程师(java/python/.net),5k-8k,2018-03-14
北京智慧星光信息技术有限公司,北京,数据开发-c/c++开发会Python,15k-30k,2018-03-12
北京路玺优讯科技有限公司,北京,全栈工程师（python/ruby）,10k-20k,2018-03-08
西安麻花网络技术有限公司,西安,python自动化测试,8k-16k,2018-03-06
北京智慧星光信息技术有限公司,北京,python爬虫数据采集经理,20k-35k,2018-03-12
支付宝(杭州)信息技术有限公司,杭州,JAVA/Python/C/C++/.net阿里云,25k-50k,2018-03-21
深圳市凯利讯科技有限公司,深圳,Python数据采集网络爬虫工程师,6k-8k,2018-03-19
深圳市云之梦科技有限公司,深圳,"后台开发工程师（C++,PYTHON,GO）",10k-15k,2018-03-21
百度在线网络技术（北京）有限公司,北京,【百度-实习】-【java/python实习生】,2k-4k,2018-02-24
国防科技大学自动化研究所,长沙,软件工程师（Java或Python）,8k-16k,2018-02-27
北京捷通华声科技股份有限公司,北京,软件测试工程师（C++、java、python）,10k-20k,2018-03-21
上海勃池信息技术有限公司,上海,高级爬虫工程师（Java/Python方向）,15k-30k,2018-03-20
思特沃克软件技术（成都）有限公司,成都,后端开发（JAVA，C#，Python）,9k-18k,2018-03-21
掌上金服（天津）网络科技有限公司,北京,量化工程师（Java/C++/Python）,15K-30K,2018-03-07
上海别样秀数据科技有限公司,上海,Python爬虫工程师(Selenium方向),10k-20k,2018-03-19
普信恒业科技发展（北京）有限公司,北京,爬虫实习生（java/Python）,3k-5k,2018-03-15
清流（北京）投资咨询有限公司,北京,技术类（后台Java/PHP/Python+前端+iOS/Android）,20k-40k,2018-03-21
北京字节跳动科技有限公司,上海,服务端开发实习生(java/python/golang)-短视频方向,4k-8k,2018-03-08
上海臻战电子科技有限公司,上海,UI程序员（Python/C++）,15k-20k,2018-03-05
思特沃克软件技术（成都）有限公司,武汉,后端开发（JAVA，C#，Python，Ruby）,12k-20k,2018-02-23
北京字节跳动科技有限公司,上海,后端开发实习生（Java/Golang/Python）-短视频方向,4k-8k,2018-03-13
我查查信息技术（上海）有限公司,上海,iOS工程师（会PHP或Python优先）,15k-25k,2018-03-12
南京思利华信息科技有限公司,南京,C++/Python/QT软件工程师,12k-24k,2018-02-26
明睿（北京）资本管理有限公司,北京,量化开发工程师（Java/C++/Python方向,20k-30k,2018-03-20
腾讯科技(深圳)有限公司,深圳,手Q后台开发（Java/C++/Python）,18k-36k,2018-03-05
北京量子金服网络科技有限公司,北京,软件开发（C++/Python/Java）,20k-40k,2018-02-22
北京真格天成投资管理有限公司,北京,Python-真格基金投资企业合作公司-互影科技,15k-30k,2018-03-20
北京国双科技有限公司,北京,高级python研发工程师（北京）,15k-30k,2018-03-19
北京国双科技有限公司,北京,高级Python开发工程师（北京）,15k-20k,2018-03-19
北京国双科技有限公司,深圳,高级Python开发工程师（深圳）,15k-20k,2018-03-19
金色家园网络科技有限公司,北京,高级python工程师,20k-30k,2018-03-21
金色家园网络科技有限公司,北京,高级python工程师,20k-30k,2018-03-21
金色家园网络科技有限公司,北京,高级python工程师,18k-30k,2018-03-21
金色家园网络科技有限公司,北京,高级python工程师,18k-30k,2018-03-21
北京旷视科技有限公司,北京,Python后端工程师,25k-50k,2018-03-19
金色家园网络科技有限公司,北京,高级python工程师,20k-30k,2018-03-21
北京国双科技有限公司,深圳,高级python研发工程师（深圳）,10k-20k,2018-03-19
维我软件（上海）有限公司北京分公司,北京,高级Python开发工程师,25k-35k,2018-03-20
智线云科技（北京）有限公司,廊坊,Python 中级工程师,8k-15k,2018-03-21
北京好巧国际旅行社有限公司,北京,Linux C++/Python高级研发工程师,25k-35k,2018-03-21
智线云科技（北京）有限公司,武汉,高级Python工程师,8k-16k,2018-03-21
智线云科技（北京）有限公司,武汉,Python 中级工程师,10k-15k,2018-03-21
北京旷视科技有限公司,北京,高级Python后端工程师,25k-50k,2018-03-19
北京汇行科技有限公司,北京,高级Python研发工程师,15k-25k,2018-03-01
北京汇行科技有限公司,北京,高级Python工程师,15k-25k,2018-03-01
智线云科技（北京）有限公司,北京,Python 中级工程师,13k-18k,2018-03-21
北京汇行科技有限公司,北京,高级Python开发工程师,15k-25k,2018-03-01
北京汇行科技有限公司,北京,Python高级开发工程师,15k-25k,2018-03-01
北京汇行科技有限公司,北京,高级Python,15k-25k,2018-03-01
北京汇行科技有限公司,北京,Python开发工程师,8k-16k,2018-03-01
京东金融,杭州,高级开发工程师-Python/Java/Go,25k-45k,2018-03-21
维我软件（上海）有限公司北京分公司,北京,Python Engineer,15k-20k,2018-03-20
维我软件（上海）有限公司北京分公司,北京,后端开发工程师（Python）,22k-35k,2018-03-20
维我软件（上海）有限公司北京分公司,北京,Python Engineer,12k-24k,2018-03-20
杭州嘉云数据科技有限公司,杭州,Python开发工程师（数据方向）,15k-20k,2018-03-20
北京闪银奇异科技有限公司,北京,Python业务开发工程师,15k-25k,2018-03-19
杭州嘉云数据科技有限公司,杭州,高级/资深Python开发工程师（Web方向）,20k-30k,2018-03-20
上海优刻得信息科技有限公司,上海,UMCloud-Python后端工程师,10k-20k,2018-03-15
广州杰颉软件科技有限公司,北京,高级Python后台开发人员,25k-30k,2018-03-20
北京汇行科技有限公司,北京,Python开发实习生,3k-6k,2018-03-01
北京千锋互联科技有限公司,长沙,python讲师,20k-40k,2018-02-22
北京千锋互联科技有限公司,广州,python讲师,20k-40k,2018-02-22
北京千锋互联科技有限公司,杭州,python讲师,20k-40k,2018-02-22
北京千锋互联科技有限公司,郑州,python讲师,20k-40k,2018-02-22
上海优刻得信息科技有限公司,上海,UMCloud-校招-Python后端工程师,10k-20k,2018-03-15
北京千锋互联科技有限公司,西安,python讲师,15k-30k,2018-02-22
北京旷视科技有限公司,北京,测试开发工程师（Python）,15k-30k,2018-03-19
深圳码隆科技有限公司,北京,Python开发实习生,5k-8k,2018-03-16
上海优刻得信息科技有限公司,北京,UMCloud-Python后端工程师（北京）,10k-20k,2018-03-15
北京闪银奇异科技有限公司,北京,Python数据工程师,15k-30k,2018-03-19
上海优刻得信息科技有限公司,北京,UMCloud-校招-Python后端工程师（北京）,10k-20k,2018-03-15
北京陌陌科技有限公司,北京,Python开发工程师(数据分析平台开发方向）,20k-40k,2018-03-21
拉扎斯网络科技（上海）有限公司,北京,高级python开发（微服务中间件）,15k-30k,2018-03-20
北京陌陌科技有限公司,北京,python开发工程师(数据挖掘方向),18k-36k,2018-03-21
广州博冠信息科技有限公司,广州,Web后端python高级开发工程师（我的世界）,12k-20k,2018-02-27
成都斯沃茨科技有限公司,成都,Python web后端开发（急）,7k-14k,2018-03-19
北京旷视科技有限公司,北京,算法工程师（RSDE/C++/Python）,20k-40k,2018-03-19
拉扎斯网络科技（上海）有限公司,北京,Python实习生,4k-8k,2018-03-20
成都斯沃茨科技有限公司,成都,Python后端开发(法律人工智能方面）,8k-12k,2018-03-19
上海优刻得信息科技有限公司,上海,UMCloud-校招-Python QA工程师,10k-20k,2018-03-15
成都斯沃茨科技有限公司,成都,Python后端开发（web方向、晋升空间大）,7k-14k,2018-03-19
上海优刻得信息科技有限公司,北京,UMCloud-Python QA工程师（北京）,10k-20k,2018-03-15
北京慕华信息科技有限公司,北京,自动化测试工程师（Python）,12k-20k,2018-03-21
上海优刻得信息科技有限公司,北京,UMCloud-校招-Python QA工程师（北京）,10k-20k,2018-03-15
深圳市和讯华谷信息技术有限公司,深圳,极光调研 -数据工程师 (Java/Python),15k-30k,2018-03-20
拉扎斯网络科技（上海）有限公司,上海,Python开发工程师（全栈）,15k-25k,2018-03-20
